global_claim_id,source_archive,claim_id,ticker,company,sample_role,construct,condition,condition_label,claim_text,claim_kind,has_text_source,has_xbrl_source,text_source_ids,xbrl_source_ids,text_supported_prelim,graph_valid_prelim,audit_valid_prelim,audit_boundary_prelim,integrated_prelim,failure_mode_prelim,manual_review_required,output_file,context_file,prompt_file
MAIN-C011,main,C011,NKE,"Nike, Inc.",main_deep_case,revenue,hybrid,Hybrid retrieval,"The current refund liability as of 2025-05-31 was $1,277,000,000.",factual,0,1,,F-NKE-0252,0,1,1,1,0.5,integration failure,1,data/processed/llm_outputs/gemma4_31b_full/text/nke_revenue_hybrid_output.txt,data/processed/retrieval_contexts/nke_revenue_hybrid_context.txt,data/processed/prompts/nke_revenue_hybrid_prompt.txt
MAIN-C012,main,C012,NKE,"Nike, Inc.",main_deep_case,revenue,hybrid,Hybrid retrieval,"Accounts Receivable Net as of 2025-05-31 was $4,717,000,000.",factual,0,1,,F-NKE-0010,0,1,1,1,0.5,integration failure,1,data/processed/llm_outputs/gemma4_31b_full/text/nke_revenue_hybrid_output.txt,data/processed/retrieval_contexts/nke_revenue_hybrid_context.txt,data/processed/prompts/nke_revenue_hybrid_prompt.txt
MAIN-C013,main,C013,NKE,"Nike, Inc.",main_deep_case,revenue,hybrid,Hybrid retrieval,The increase in the current refund liability from $799 million (as of 2024-05-31) to $1.277 billion (as of 2025-05-31) presents a risk cue for the valuation assertion of revenue.,risk_or_assertion_mapping,0,1,,F-NKE-0252; F-NKE-0253,0,0.5,1,1,0.5,integration failure,1,data/processed/llm_outputs/gemma4_31b_full/text/nke_revenue_hybrid_output.txt,data/processed/retrieval_contexts/nke_revenue_hybrid_context.txt,data/processed/prompts/nke_revenue_hybrid_prompt.txt
MAIN-C014,main,C014,NKE,"Nike, Inc.",main_deep_case,revenue,hybrid,Hybrid retrieval,"The stated risk that failures in providing reliable, secure, and user-friendly digital commerce platforms could result in the loss of digital commerce sales indicates a risk cue for the completeness and occurrence assertions of revenue.",risk_or_assertion_mapping,1,0,T-NKE-REVENUE-021,,0.5,NA,1,1,0.5,integration failure,1,data/processed/llm_outputs/gemma4_31b_full/text/nke_revenue_hybrid_output.txt,data/processed/retrieval_contexts/nke_revenue_hybrid_context.txt,data/processed/prompts/nke_revenue_hybrid_prompt.txt
MAIN-C015,main,C015,NKE,"Nike, Inc.",main_deep_case,revenue,hybrid,Hybrid retrieval,The significant decline in digital sales in North America (19%) and APLA (9%) indicates a risk cue for the valuation and accuracy of revenue within these specific channels.,risk_or_assertion_mapping,1,0,T-NKE-REVENUE-062; T-NKE-REVENUE-071,,0.5,NA,1,1,0.5,integration failure,1,data/processed/llm_outputs/gemma4_31b_full/text/nke_revenue_hybrid_output.txt,data/processed/retrieval_contexts/nke_revenue_hybrid_context.txt,data/processed/prompts/nke_revenue_hybrid_prompt.txt
MAIN-C026,main,C026,NKE,"Nike, Inc.",main_deep_case,inventory,hybrid,Hybrid retrieval,"Nike values inventories at the lower of cost and net realizable value, utilizing either an average or a specific identification cost basis.",factual,1,0,Text Chunk 3,,1,NA,1,1,0.5,integration failure,1,data/processed/llm_outputs/gemma4_31b_full/text/nke_inventory_hybrid_output.txt,data/processed/retrieval_contexts/nke_inventory_hybrid_context.txt,data/processed/prompts/nke_inventory_hybrid_prompt.txt
MAIN-C027,main,C027,NKE,"Nike, Inc.",main_deep_case,inventory,hybrid,Hybrid retrieval,"As of May 31, 2025, the Company's inventory reserve was $233 million, an increase from $155 million as of May 31, 2024.",factual,1,1,Text Chunk 2,F-NKE-0026; F-NKE-0027,1,1,1,1,1,none,1,data/processed/llm_outputs/gemma4_31b_full/text/nke_inventory_hybrid_output.txt,data/processed/retrieval_contexts/nke_inventory_hybrid_context.txt,data/processed/prompts/nke_inventory_hybrid_prompt.txt
MAIN-C028,main,C028,NKE,"Nike, Inc.",main_deep_case,inventory,hybrid,Hybrid retrieval,"The use of ongoing estimates for net realizable value (NRV) based on assumptions regarding future demand, market conditions, sales trends, and historical experience creates a risk to the inventory valuation assertion.",risk_or_assertion_mapping,1,0,Text Chunk 1,,0.5,NA,1,1,0.5,integration failure,1,data/processed/llm_outputs/gemma4_31b_full/text/nke_inventory_hybrid_output.txt,data/processed/retrieval_contexts/nke_inventory_hybrid_context.txt,data/processed/prompts/nke_inventory_hybrid_prompt.txt
MAIN-C029,main,C029,NKE,"Nike, Inc.",main_deep_case,inventory,hybrid,Hybrid retrieval,The increase in the inventory reserve from $155 million (2024) to $233 million (2025) serves as a risk cue for the adequacy of the valuation reserve.,risk_or_assertion_mapping,1,1,Text Chunk 2,F-NKE-0026; F-NKE-0027,0.5,0.5,1,1,1,none,1,data/processed/llm_outputs/gemma4_31b_full/text/nke_inventory_hybrid_output.txt,data/processed/retrieval_contexts/nke_inventory_hybrid_context.txt,data/processed/prompts/nke_inventory_hybrid_prompt.txt
MAIN-C030,main,C030,NKE,"Nike, Inc.",main_deep_case,inventory,hybrid,Hybrid retrieval,"The practice of shipping products directly from suppliers to customers, where inventory and cost of sales are recognized on a specific identification basis, introduces a risk to the accuracy of inventory valuation and cost allocation.",risk_or_assertion_mapping,1,0,Text Chunk 3,,0.5,NA,1,1,0.5,integration failure,1,data/processed/llm_outputs/gemma4_31b_full/text/nke_inventory_hybrid_output.txt,data/processed/retrieval_contexts/nke_inventory_hybrid_context.txt,data/processed/prompts/nke_inventory_hybrid_prompt.txt
MAIN-C042,main,C042,SBUX,Starbucks Corporation,main_deep_case,revenue,hybrid,Hybrid retrieval,The recognition of revenue from stored value card breakage is subject to estimation risk.,risk_or_assertion_mapping,1,0,Text Chunk 3,,0.5,NA,1,1,0.5,integration failure,1,data/processed/llm_outputs/gemma4_31b_full/text/sbux_revenue_hybrid_output.txt,data/processed/retrieval_contexts/sbux_revenue_hybrid_context.txt,data/processed/prompts/sbux_revenue_hybrid_prompt.txt
MAIN-C043,main,C043,SBUX,Starbucks Corporation,main_deep_case,revenue,hybrid,Hybrid retrieval,Revenue recognition for the Nestlé prepaid royalty depends on the assessment of performance obligations.,risk_or_assertion_mapping,1,0,Text Chunk 2,,0.5,NA,1,1,0.5,integration failure,1,data/processed/llm_outputs/gemma4_31b_full/text/sbux_revenue_hybrid_output.txt,data/processed/retrieval_contexts/sbux_revenue_hybrid_context.txt,data/processed/prompts/sbux_revenue_hybrid_prompt.txt
MAIN-C044,main,C044,SBUX,Starbucks Corporation,main_deep_case,revenue,hybrid,Hybrid retrieval,The multi-channel nature of stored value card activation and redemption creates a risk regarding the accuracy of the transition from deferred revenue to recognized revenue.,risk_or_assertion_mapping,1,0,Text Chunk 1,,0.5,NA,1,1,0.5,integration failure,1,data/processed/llm_outputs/gemma4_31b_full/text/sbux_revenue_hybrid_output.txt,data/processed/retrieval_contexts/sbux_revenue_hybrid_context.txt,data/processed/prompts/sbux_revenue_hybrid_prompt.txt
MAIN-C045,main,C045,SBUX,Starbucks Corporation,main_deep_case,revenue,hybrid,Hybrid retrieval,"Starbucks Corporation derives revenue from North America and International operations (selling coffee, beverages, food, packaged coffees, single-serve coffee, and merchandise) and Channel Development (selling packaged coffee, tea, foodservice products, ready-to-drink beverages, and receiving royalties from Nestlé).",factual,0,1,,F-SBUX-0085; F-SBUX-0086,0,1,1,1,0.5,integration failure,1,data/processed/llm_outputs/gemma4_31b_full/text/sbux_revenue_hybrid_output.txt,data/processed/retrieval_contexts/sbux_revenue_hybrid_context.txt,data/processed/prompts/sbux_revenue_hybrid_prompt.txt
MAIN-C046,main,C046,SBUX,Starbucks Corporation,main_deep_case,revenue,hybrid,Hybrid retrieval,"Stored value cards can be activated at company-operated stores, most licensed stores, Starbucks.com, via mobile devices, and at certain third-party websites and locations, although they cannot be reloaded at third-party sites.",factual,1,0,Text Chunk 1,,1,NA,1,1,0.5,integration failure,1,data/processed/llm_outputs/gemma4_31b_full/text/sbux_revenue_hybrid_output.txt,data/processed/retrieval_contexts/sbux_revenue_hybrid_context.txt,data/processed/prompts/sbux_revenue_hybrid_prompt.txt
MAIN-C057,main,C057,SBUX,Starbucks Corporation,main_deep_case,inventory,hybrid,Hybrid retrieval,Inventories are stated at the lower of cost (primarily moving average cost) or net realizable value.,factual,1,0,T-SBUX-INVENTORY-015,,1,NA,1,1,0.5,integration failure,1,data/processed/llm_outputs/gemma4_31b_full/text/sbux_inventory_hybrid_output.txt,data/processed/retrieval_contexts/sbux_inventory_hybrid_context.txt,data/processed/prompts/sbux_inventory_hybrid_prompt.txt
MAIN-C058,main,C058,SBUX,Starbucks Corporation,main_deep_case,inventory,hybrid,Hybrid retrieval,"As of September 28, 2025, inventory reserves were $56.6 million.",factual,1,1,T-SBUX-INVENTORY-015,F-SBUX-0034,1,1,1,1,1,none,1,data/processed/llm_outputs/gemma4_31b_full/text/sbux_inventory_hybrid_output.txt,data/processed/retrieval_contexts/sbux_inventory_hybrid_context.txt,data/processed/prompts/sbux_inventory_hybrid_prompt.txt
MAIN-C059,main,C059,SBUX,Starbucks Corporation,main_deep_case,inventory,hybrid,Hybrid retrieval,"The reliance on ""obsolescence trends"" and ""historical experience"" to determine inventory reserves for obsolete and slow-moving inventory presents a risk to the valuation assertion.",risk_or_assertion_mapping,1,0,T-SBUX-INVENTORY-015,,0.5,NA,1,1,0.5,integration failure,1,data/processed/llm_outputs/gemma4_31b_full/text/sbux_inventory_hybrid_output.txt,data/processed/retrieval_contexts/sbux_inventory_hybrid_context.txt,data/processed/prompts/sbux_inventory_hybrid_prompt.txt
MAIN-C060,main,C060,SBUX,Starbucks Corporation,main_deep_case,inventory,hybrid,Hybrid retrieval,"The possibility of ""excess inventory"" and ""increased inventory markdowns"" creates a risk that inventory may be overstated relative to its net realizable value.",risk_or_assertion_mapping,1,0,T-SBUX-INVENTORY-008,,0.5,NA,1,1,0.5,integration failure,1,data/processed/llm_outputs/gemma4_31b_full/text/sbux_inventory_hybrid_output.txt,data/processed/retrieval_contexts/sbux_inventory_hybrid_context.txt,data/processed/prompts/sbux_inventory_hybrid_prompt.txt
MAIN-C061,main,C061,SBUX,Starbucks Corporation,main_deep_case,inventory,hybrid,Hybrid retrieval,"The use of ""estimated shrinkage"" between physical inventory counts introduces a risk to the valuation assertion.",risk_or_assertion_mapping,1,0,T-SBUX-INVENTORY-015,,0.5,NA,1,1,0.5,integration failure,1,data/processed/llm_outputs/gemma4_31b_full/text/sbux_inventory_hybrid_output.txt,data/processed/retrieval_contexts/sbux_inventory_hybrid_context.txt,data/processed/prompts/sbux_inventory_hybrid_prompt.txt
MAIN-C073,main,C073,TGT,Target Corporation,main_deep_case,revenue,hybrid,Hybrid retrieval,Revenue for digitally originated sales is recognized upon delivery to the guest or upon guest pickup at the store.,factual,1,0,Text Chunk 3,,1,NA,1,1,0.5,integration failure,1,data/processed/llm_outputs/gemma4_31b_full/text/tgt_revenue_hybrid_output.txt,data/processed/retrieval_contexts/tgt_revenue_hybrid_context.txt,data/processed/prompts/tgt_revenue_hybrid_prompt.txt
MAIN-C074,main,C074,TGT,Target Corporation,main_deep_case,revenue,hybrid,Hybrid retrieval,"As of February 1, 2025, the liability for estimated returns was $172 million.",factual,1,0,Text Chunk 3,,1,NA,1,1,0.5,integration failure,1,data/processed/llm_outputs/gemma4_31b_full/text/tgt_revenue_hybrid_output.txt,data/processed/retrieval_contexts/tgt_revenue_hybrid_context.txt,data/processed/prompts/tgt_revenue_hybrid_prompt.txt
MAIN-C075,main,C075,TGT,Target Corporation,main_deep_case,revenue,hybrid,Hybrid retrieval,The timing of revenue recognition for digitally originated sales presents a cut-off risk.,risk_or_assertion_mapping,1,0,Text Chunk 3,,0.5,NA,1,1,0.5,integration failure,1,data/processed/llm_outputs/gemma4_31b_full/text/tgt_revenue_hybrid_output.txt,data/processed/retrieval_contexts/tgt_revenue_hybrid_context.txt,data/processed/prompts/tgt_revenue_hybrid_prompt.txt
MAIN-C076,main,C076,TGT,Target Corporation,main_deep_case,revenue,hybrid,Hybrid retrieval,The estimation of expected returns introduces a risk to the accuracy and valuation of revenue and the associated return liability.,risk_or_assertion_mapping,1,0,Text Chunk 3,,0.5,NA,1,1,0.5,integration failure,1,data/processed/llm_outputs/gemma4_31b_full/text/tgt_revenue_hybrid_output.txt,data/processed/retrieval_contexts/tgt_revenue_hybrid_context.txt,data/processed/prompts/tgt_revenue_hybrid_prompt.txt
MAIN-C077,main,C077,TGT,Target Corporation,main_deep_case,revenue,hybrid,Hybrid retrieval,The recognition of gift card breakage revenue is subject to estimation risk.,risk_or_assertion_mapping,1,0,Text Chunk 2,,0.5,NA,1,1,0.5,integration failure,1,data/processed/llm_outputs/gemma4_31b_full/text/tgt_revenue_hybrid_output.txt,data/processed/retrieval_contexts/tgt_revenue_hybrid_context.txt,data/processed/prompts/tgt_revenue_hybrid_prompt.txt
MAIN-C089,main,C089,TGT,Target Corporation,main_deep_case,inventory,hybrid,Hybrid retrieval,Target Corporation values its inventory at the lower of LIFO cost or market and utilizes the retail inventory accounting method.,factual,1,0,Text Chunk 1,,1,NA,1,1,0.5,integration failure,1,data/processed/llm_outputs/gemma4_31b_full/text/tgt_inventory_hybrid_output.txt,data/processed/retrieval_contexts/tgt_inventory_hybrid_context.txt,data/processed/prompts/tgt_inventory_hybrid_prompt.txt
MAIN-C090,main,C090,TGT,Target Corporation,main_deep_case,inventory,hybrid,Hybrid retrieval,"As of February 1, 2025, Target Corporation's net inventory was $12,740,000,000.",factual,0,1,,F-TGT-0007,0,1,1,1,0.5,integration failure,1,data/processed/llm_outputs/gemma4_31b_full/text/tgt_inventory_hybrid_output.txt,data/processed/retrieval_contexts/tgt_inventory_hybrid_context.txt,data/processed/prompts/tgt_inventory_hybrid_prompt.txt
MAIN-C091,main,C091,TGT,Target Corporation,main_deep_case,inventory,hybrid,Hybrid retrieval,The estimation of the inventory shrink reserve presents a valuation risk due to the high sensitivity of the reserve's impact on cost of sales.,risk_or_assertion_mapping,1,0,Text Chunk 1,,0.5,NA,1,1,0.5,integration failure,1,data/processed/llm_outputs/gemma4_31b_full/text/tgt_inventory_hybrid_output.txt,data/processed/retrieval_contexts/tgt_inventory_hybrid_context.txt,data/processed/prompts/tgt_inventory_hybrid_prompt.txt
MAIN-C092,main,C092,TGT,Target Corporation,main_deep_case,inventory,hybrid,Hybrid retrieval,Inventory valuation is subject to risk regarding the timing and accuracy of markdown adjustments driven by external volatility.,risk_or_assertion_mapping,1,0,Text Chunk 1,,0.5,NA,1,1,0.5,integration failure,1,data/processed/llm_outputs/gemma4_31b_full/text/tgt_inventory_hybrid_output.txt,data/processed/retrieval_contexts/tgt_inventory_hybrid_context.txt,data/processed/prompts/tgt_inventory_hybrid_prompt.txt
MAIN-C093,main,C093,TGT,Target Corporation,main_deep_case,inventory,hybrid,Hybrid retrieval,The use of the Retail Inventory Method (RIM) introduces a valuation risk centered on the accuracy of the cost-to-retail ratio.,risk_or_assertion_mapping,1,0,Text Chunk 3,,0.5,NA,1,1,0.5,integration failure,1,data/processed/llm_outputs/gemma4_31b_full/text/tgt_inventory_hybrid_output.txt,data/processed/retrieval_contexts/tgt_inventory_hybrid_context.txt,data/processed/prompts/tgt_inventory_hybrid_prompt.txt
EXT-C010,extension,C010,WMT,Walmart Inc.,bounded_extension,revenue,hybrid,Hybrid retrieval,The recognition of gift card breakage income involves management estimation risk.,risk_or_assertion_mapping,1,0,Text Chunk 1,,0.5,NA,1,1,0.5,integration failure,1,data/processed/llm_outputs/gemma4_31b_extension/text/wmt_revenue_hybrid_output.txt,data/processed/retrieval_contexts/wmt_revenue_hybrid_context.txt,data/processed/prompts/wmt_revenue_hybrid_prompt.txt
EXT-C011,extension,C011,WMT,Walmart Inc.,bounded_extension,revenue,hybrid,Hybrid retrieval,The deferral of revenue for gift card purchases until redemption presents a cut-off risk.,risk_or_assertion_mapping,1,0,Text Chunk 1,,0.5,NA,1,1,0.5,integration failure,1,data/processed/llm_outputs/gemma4_31b_extension/text/wmt_revenue_hybrid_output.txt,data/processed/retrieval_contexts/wmt_revenue_hybrid_context.txt,data/processed/prompts/wmt_revenue_hybrid_prompt.txt
EXT-C012,extension,C012,WMT,Walmart Inc.,bounded_extension,revenue,hybrid,Hybrid retrieval,"The calculation of ""comparable sales"" involves complex inclusions (e.g., omnichannel and advertising net sales) that may impact the Accuracy assertion.",risk_or_assertion_mapping,1,0,Text Chunk 2,,0.5,NA,1,1,0.5,integration failure,1,data/processed/llm_outputs/gemma4_31b_extension/text/wmt_revenue_hybrid_output.txt,data/processed/retrieval_contexts/wmt_revenue_hybrid_context.txt,data/processed/prompts/wmt_revenue_hybrid_prompt.txt
EXT-C013,extension,C013,WMT,Walmart Inc.,bounded_extension,revenue,hybrid,Hybrid retrieval,Net sales for the Sam's Club U.S. segment increased by $2.8 billion (3.1%) for fiscal 2026.,factual,1,0,Text Chunk 3,,1,NA,1,1,0.5,integration failure,1,data/processed/llm_outputs/gemma4_31b_extension/text/wmt_revenue_hybrid_output.txt,data/processed/retrieval_contexts/wmt_revenue_hybrid_context.txt,data/processed/prompts/wmt_revenue_hybrid_prompt.txt
EXT-C014,extension,C014,WMT,Walmart Inc.,bounded_extension,revenue,hybrid,Hybrid retrieval,Lower fuel prices negatively impacted comparable sales by 1.9% in fiscal 2026.,factual,1,0,Text Chunk 3,,1,NA,1,1,0.5,integration failure,1,data/processed/llm_outputs/gemma4_31b_extension/text/wmt_revenue_hybrid_output.txt,data/processed/retrieval_contexts/wmt_revenue_hybrid_context.txt,data/processed/prompts/wmt_revenue_hybrid_prompt.txt
EXT-C026,extension,C026,WMT,Walmart Inc.,bounded_extension,inventory,hybrid,Hybrid retrieval,"As of January 31, 2026, the net inventory value for Walmart Inc. was $58,851,000,000.",factual,0,1,,F-WMT-0012,0,1,1,1,0.5,integration failure,1,data/processed/llm_outputs/gemma4_31b_extension/text/wmt_inventory_hybrid_output.txt,data/processed/retrieval_contexts/wmt_inventory_hybrid_context.txt,data/processed/prompts/wmt_inventory_hybrid_prompt.txt
EXT-C027,extension,C027,WMT,Walmart Inc.,bounded_extension,inventory,hybrid,Hybrid retrieval,"Walmart Inc. utilizes various inventory methods depending on store formats and businesses, recording inventories at the lower of cost or market or net realizable value, as appropriate.",factual,1,0,Text Chunk 2,,1,NA,1,1,0.5,integration failure,1,data/processed/llm_outputs/gemma4_31b_extension/text/wmt_inventory_hybrid_output.txt,data/processed/retrieval_contexts/wmt_inventory_hybrid_context.txt,data/processed/prompts/wmt_inventory_hybrid_prompt.txt
EXT-C028,extension,C028,WMT,Walmart Inc.,bounded_extension,inventory,hybrid,Hybrid retrieval,The use of multiple valuation methods (lower of cost or market vs. net realizable value) across different store formats and business segments creates a risk regarding the valuation assertion.,risk_or_assertion_mapping,1,0,Text Chunk 2,,0.5,NA,1,1,0.5,integration failure,1,data/processed/llm_outputs/gemma4_31b_extension/text/wmt_inventory_hybrid_output.txt,data/processed/retrieval_contexts/wmt_inventory_hybrid_context.txt,data/processed/prompts/wmt_inventory_hybrid_prompt.txt
EXT-C029,extension,C029,WMT,Walmart Inc.,bounded_extension,inventory,hybrid,Hybrid retrieval,The reliance on the Retail Inventory Method (RIM) and the immediate recording of permanent markdowns in the Walmart U.S. segment presents a risk to the valuation assertion.,risk_or_assertion_mapping,1,0,Text Chunk 3,,0.5,NA,1,1,0.5,integration failure,1,data/processed/llm_outputs/gemma4_31b_extension/text/wmt_inventory_hybrid_output.txt,data/processed/retrieval_contexts/wmt_inventory_hybrid_context.txt,data/processed/prompts/wmt_inventory_hybrid_prompt.txt
EXT-C030,extension,C030,WMT,Walmart Inc.,bounded_extension,inventory,hybrid,Hybrid retrieval,"The use of the last-in, first-out (LIFO) valuation method for the Walmart U.S. segment is a consideration for the inventory valuation assertion.",risk_or_assertion_mapping,1,0,Text Chunk 3,,0.5,NA,1,1,0.5,integration failure,1,data/processed/llm_outputs/gemma4_31b_extension/text/wmt_inventory_hybrid_output.txt,data/processed/retrieval_contexts/wmt_inventory_hybrid_context.txt,data/processed/prompts/wmt_inventory_hybrid_prompt.txt
EXT-C042,extension,C042,HD,"Home Depot, Inc.",bounded_extension,revenue,hybrid,Hybrid retrieval,"As of February 1, 2026, and February 2, 2025, performance obligations for unredeemed gift cards were $1.1 billion.",factual,1,0,T-HD-REVENUE-056,,1,NA,1,1,0.5,integration failure,1,data/processed/llm_outputs/gemma4_31b_extension/text/hd_revenue_hybrid_output.txt,data/processed/retrieval_contexts/hd_revenue_hybrid_context.txt,data/processed/prompts/hd_revenue_hybrid_prompt.txt
EXT-C043,extension,C043,HD,"Home Depot, Inc.",bounded_extension,revenue,hybrid,Hybrid retrieval,"Revenue from contracts with customers (excluding assessed tax) for the period from 2023-01-30 to 2024-01-28 was $152,669,000,000.",factual,0,1,,F-HD-0009,0,1,1,1,0.5,integration failure,1,data/processed/llm_outputs/gemma4_31b_extension/text/hd_revenue_hybrid_output.txt,data/processed/retrieval_contexts/hd_revenue_hybrid_context.txt,data/processed/prompts/hd_revenue_hybrid_prompt.txt
EXT-C044,extension,C044,HD,"Home Depot, Inc.",bounded_extension,revenue,hybrid,Hybrid retrieval,The recognition of gift card breakage income is based on an estimate of the portion of outstanding gift card balances not expected to be redeemed.,risk_or_assertion_mapping,1,0,T-HD-REVENUE-056,,0.5,NA,1,1,0.5,integration failure,1,data/processed/llm_outputs/gemma4_31b_extension/text/hd_revenue_hybrid_output.txt,data/processed/retrieval_contexts/hd_revenue_hybrid_context.txt,data/processed/prompts/hd_revenue_hybrid_prompt.txt
EXT-C045,extension,C045,HD,"Home Depot, Inc.",bounded_extension,revenue,hybrid,Hybrid retrieval,"Revenue for gift cards is recognized upon redemption, which generally occurs within six months of issuance.",risk_or_assertion_mapping,1,1,T-HD-REVENUE-056,F-HD-0044,0.5,0.5,1,1,1,none,1,data/processed/llm_outputs/gemma4_31b_extension/text/hd_revenue_hybrid_output.txt,data/processed/retrieval_contexts/hd_revenue_hybrid_context.txt,data/processed/prompts/hd_revenue_hybrid_prompt.txt
EXT-C046,extension,C046,HD,"Home Depot, Inc.",bounded_extension,revenue,hybrid,Hybrid retrieval,There has been a significant increase in sales initiated online and via mobile applications.,risk_or_assertion_mapping,1,0,T-HD-REVENUE-015,,0.5,NA,1,1,0.5,integration failure,1,data/processed/llm_outputs/gemma4_31b_extension/text/hd_revenue_hybrid_output.txt,data/processed/retrieval_contexts/hd_revenue_hybrid_context.txt,data/processed/prompts/hd_revenue_hybrid_prompt.txt
EXT-C058,extension,C058,HD,"Home Depot, Inc.",bounded_extension,inventory,hybrid,Hybrid retrieval,"Merchandise inventories were $25.8 billion as of February 1, 2026.",factual,1,1,T-HD-INVENTORY-020,F-HD-0004,1,1,1,1,1,none,1,data/processed/llm_outputs/gemma4_31b_extension/text/hd_inventory_hybrid_output.txt,data/processed/retrieval_contexts/hd_inventory_hybrid_context.txt,data/processed/prompts/hd_inventory_hybrid_prompt.txt
EXT-C059,extension,C059,HD,"Home Depot, Inc.",bounded_extension,inventory,hybrid,Hybrid retrieval,"Home Depot utilizes the retail inventory method (RIM) for the majority of its merchandise inventories, while inventories in Canada, Mexico, distribution centers, and SRS distribution operations are recorded using cost methods (primarily moving average and first-in, first-out).",factual,1,0,T-HD-INVENTORY-020; T-HD-INVENTORY-028,,1,NA,1,1,0.5,integration failure,1,data/processed/llm_outputs/gemma4_31b_extension/text/hd_inventory_hybrid_output.txt,data/processed/retrieval_contexts/hd_inventory_hybrid_context.txt,data/processed/prompts/hd_inventory_hybrid_prompt.txt
EXT-C060,extension,C060,HD,"Home Depot, Inc.",bounded_extension,inventory,hybrid,Hybrid retrieval,There is a risk regarding the valuation assertion due to inherent uncertainty in the final determination of inventory cost and gross profit when applying the retail inventory method.,risk_or_assertion_mapping,1,0,T-HD-INVENTORY-018,,0.5,NA,1,1,0.5,integration failure,1,data/processed/llm_outputs/gemma4_31b_extension/text/hd_inventory_hybrid_output.txt,data/processed/retrieval_contexts/hd_inventory_hybrid_context.txt,data/processed/prompts/hd_inventory_hybrid_prompt.txt
EXT-C061,extension,C061,HD,"Home Depot, Inc.",bounded_extension,inventory,hybrid,Hybrid retrieval,"The valuation of inventory is subject to estimation risk because the determination of markups and markdowns relies on subjective and variable factors, including anticipated demand, customer preferences, buying trends, age of merchandise, and weather conditions.",risk_or_assertion_mapping,1,0,T-HD-INVENTORY-018,,0.5,NA,1,1,0.5,integration failure,1,data/processed/llm_outputs/gemma4_31b_extension/text/hd_inventory_hybrid_output.txt,data/processed/retrieval_contexts/hd_inventory_hybrid_context.txt,data/processed/prompts/hd_inventory_hybrid_prompt.txt
EXT-C062,extension,C062,HD,"Home Depot, Inc.",bounded_extension,inventory,hybrid,Hybrid retrieval,The valuation of inventory acquired through business combinations (specifically SRS and GMS Inc) may require distinct audit consideration as these assets are recorded under different valuation frameworks than the majority of the company's inventory.,risk_or_assertion_mapping,1,1,T-HD-INVENTORY-028,F-HD-0169; F-HD-0172,0.5,0.5,1,1,1,none,1,data/processed/llm_outputs/gemma4_31b_extension/text/hd_inventory_hybrid_output.txt,data/processed/retrieval_contexts/hd_inventory_hybrid_context.txt,data/processed/prompts/hd_inventory_hybrid_prompt.txt
EXT-C074,extension,C074,CAT,Caterpillar Inc.,bounded_extension,revenue,hybrid,Hybrid retrieval,"Trade receivables from dealers and end users were $9,402 million as of December 31, 2025.",factual,1,0,T-CAT-REVENUE_INVENTORY-021,,1,NA,1,1,0.5,integration failure,1,data/processed/llm_outputs/gemma4_31b_extension/text/cat_revenue_hybrid_output.txt,data/processed/retrieval_contexts/cat_revenue_hybrid_context.txt,data/processed/prompts/cat_revenue_hybrid_prompt.txt
EXT-C075,extension,C075,CAT,Caterpillar Inc.,bounded_extension,revenue,hybrid,Hybrid retrieval,"For the period from January 1, 2025, to December 31, 2025, the company recorded a Contract With Customer Liability Cumulative Catch-Up Adjustment to Revenue Change in Estimate of Transaction Price of -$497 million.",factual,0,1,,F-CAT-0052,0,1,1,1,0.5,integration failure,1,data/processed/llm_outputs/gemma4_31b_extension/text/cat_revenue_hybrid_output.txt,data/processed/retrieval_contexts/cat_revenue_hybrid_context.txt,data/processed/prompts/cat_revenue_hybrid_prompt.txt
EXT-C076,extension,C076,CAT,Caterpillar Inc.,bounded_extension,revenue,hybrid,Hybrid retrieval,The recording of a significant negative cumulative catch-up adjustment to revenue due to changes in transaction price estimates suggests a risk related to the Accuracy assertion of revenue recognition.,risk_or_assertion_mapping,0,1,,F-CAT-0052,0,0.5,1,1,0.5,integration failure,1,data/processed/llm_outputs/gemma4_31b_extension/text/cat_revenue_hybrid_output.txt,data/processed/retrieval_contexts/cat_revenue_hybrid_context.txt,data/processed/prompts/cat_revenue_hybrid_prompt.txt
EXT-C077,extension,C077,CAT,Caterpillar Inc.,bounded_extension,revenue,hybrid,Hybrid retrieval,"The anticipation of sales growth driven by ""changes in dealer inventories"" and ""seasonal dealer inventory build"" suggests a risk related to the Occurrence assertion of revenue.",risk_or_assertion_mapping,1,0,T-CAT-REVENUE_INVENTORY-006,,0.5,NA,1,1,0.5,integration failure,1,data/processed/llm_outputs/gemma4_31b_extension/text/cat_revenue_hybrid_output.txt,data/processed/retrieval_contexts/cat_revenue_hybrid_context.txt,data/processed/prompts/cat_revenue_hybrid_prompt.txt
EXT-C078,extension,C078,CAT,Caterpillar Inc.,bounded_extension,revenue,hybrid,Hybrid retrieval,"As of December 31, 2025, the Contract With Customer Liability was $4,678 million.",factual,0,1,,F-CAT-0062,0,1,1,1,0.5,integration failure,1,data/processed/llm_outputs/gemma4_31b_extension/text/cat_revenue_hybrid_output.txt,data/processed/retrieval_contexts/cat_revenue_hybrid_context.txt,data/processed/prompts/cat_revenue_hybrid_prompt.txt
EXT-C089,extension,C089,CAT,Caterpillar Inc.,bounded_extension,inventory,hybrid,Hybrid retrieval,"Caterpillar Inc. values inventories at the lower of cost or net realizable value, primarily using the last-in, first-out (LIFO) method.",factual,1,0,T-CAT-INVENTORY-016,,1,NA,1,1,0.5,integration failure,1,data/processed/llm_outputs/gemma4_31b_extension/text/cat_inventory_hybrid_output.txt,data/processed/retrieval_contexts/cat_inventory_hybrid_context.txt,data/processed/prompts/cat_inventory_hybrid_prompt.txt
EXT-C090,extension,C090,CAT,Caterpillar Inc.,bounded_extension,inventory,hybrid,Hybrid retrieval,"As of December 31, 2025, the Inventory LIFO Reserve was $4,305,000,000.",factual,0,1,,F-CAT-0048,0,1,1,1,0.5,integration failure,1,data/processed/llm_outputs/gemma4_31b_extension/text/cat_inventory_hybrid_output.txt,data/processed/retrieval_contexts/cat_inventory_hybrid_context.txt,data/processed/prompts/cat_inventory_hybrid_prompt.txt
EXT-C091,extension,C091,CAT,Caterpillar Inc.,bounded_extension,inventory,hybrid,Hybrid retrieval,"The reliance on the LIFO method for approximately 70% of total inventories as of December 31, 2025, presents a valuation risk regarding the accuracy of the LIFO reserve.",risk_or_assertion_mapping,1,1,T-CAT-INVENTORY-016,F-CAT-0048,0.5,0.5,1,1,1,none,1,data/processed/llm_outputs/gemma4_31b_extension/text/cat_inventory_hybrid_output.txt,data/processed/retrieval_contexts/cat_inventory_hybrid_context.txt,data/processed/prompts/cat_inventory_hybrid_prompt.txt
EXT-C092,extension,C092,CAT,Caterpillar Inc.,bounded_extension,inventory,hybrid,Hybrid retrieval,The occurrence of inventory write-downs and LIFO inventory decrement benefits associated with restructuring and closed facilities indicates a risk to the valuation assertion.,risk_or_assertion_mapping,1,0,T-CAT-INVENTORY-008; T-CAT-INVENTORY-023,,0.5,NA,1,1,0.5,integration failure,1,data/processed/llm_outputs/gemma4_31b_extension/text/cat_inventory_hybrid_output.txt,data/processed/retrieval_contexts/cat_inventory_hybrid_context.txt,data/processed/prompts/cat_inventory_hybrid_prompt.txt
EXT-C093,extension,C093,CAT,Caterpillar Inc.,bounded_extension,inventory,hybrid,Hybrid retrieval,"As of December 31, 2025, Inventory Finished Goods Net of Reserves was $8,725,000,000.",factual,0,1,,F-CAT-0801,0,1,1,1,0.5,integration failure,1,data/processed/llm_outputs/gemma4_31b_extension/text/cat_inventory_hybrid_output.txt,data/processed/retrieval_contexts/cat_inventory_hybrid_context.txt,data/processed/prompts/cat_inventory_hybrid_prompt.txt
EXT-C105,extension,C105,PFE,Pfizer Inc.,bounded_extension,revenue,hybrid,Hybrid retrieval,"As of December 31, 2025, deferred revenues for Paxlovid and Comirnaty totaled $1.5 billion, comprising $689 million in current liabilities and $826 million in noncurrent liabilities.",factual,1,0,T-PFE-REVENUE-141,,1,NA,1,1,0.5,integration failure,1,data/processed/llm_outputs/gemma4_31b_extension/text/pfe_revenue_hybrid_output.txt,data/processed/retrieval_contexts/pfe_revenue_hybrid_context.txt,data/processed/prompts/pfe_revenue_hybrid_prompt.txt
EXT-C106,extension,C106,PFE,Pfizer Inc.,bounded_extension,revenue,hybrid,Hybrid retrieval,"The estimation of variable consideration—including chargebacks, rebates, sales allowances, and sales returns—presents a risk to the accuracy of reported net revenues.",risk_or_assertion_mapping,1,0,T-PFE-REVENUE-066,,0.5,NA,1,1,0.5,integration failure,1,data/processed/llm_outputs/gemma4_31b_extension/text/pfe_revenue_hybrid_output.txt,data/processed/retrieval_contexts/pfe_revenue_hybrid_context.txt,data/processed/prompts/pfe_revenue_hybrid_prompt.txt
EXT-C107,extension,C107,PFE,Pfizer Inc.,bounded_extension,revenue,hybrid,Hybrid retrieval,The process for calculating provisions for pharmaceutical sales returns involves multiple subjective variables that may impact the valuation of revenue.,risk_or_assertion_mapping,1,0,T-PFE-REVENUE-093,,0.5,NA,1,1,0.5,integration failure,1,data/processed/llm_outputs/gemma4_31b_extension/text/pfe_revenue_hybrid_output.txt,data/processed/retrieval_contexts/pfe_revenue_hybrid_context.txt,data/processed/prompts/pfe_revenue_hybrid_prompt.txt
EXT-C108,extension,C108,PFE,Pfizer Inc.,bounded_extension,revenue,hybrid,Hybrid retrieval,The recognition of revenue from the balance of deferred revenues for Paxlovid and Comirnaty presents a risk regarding the timing of revenue recognition.,risk_or_assertion_mapping,1,0,T-PFE-REVENUE-141,,0.5,NA,1,1,0.5,integration failure,1,data/processed/llm_outputs/gemma4_31b_extension/text/pfe_revenue_hybrid_output.txt,data/processed/retrieval_contexts/pfe_revenue_hybrid_context.txt,data/processed/prompts/pfe_revenue_hybrid_prompt.txt
EXT-C109,extension,C109,PFE,Pfizer Inc.,bounded_extension,revenue,hybrid,Hybrid retrieval,"For the period ended December 31, 2025, there were 12 countries where revenue from contracts with customers was $500 million or more.",factual,0,1,,F-PFE-0165,0,1,1,1,0.5,integration failure,1,data/processed/llm_outputs/gemma4_31b_extension/text/pfe_revenue_hybrid_output.txt,data/processed/retrieval_contexts/pfe_revenue_hybrid_context.txt,data/processed/prompts/pfe_revenue_hybrid_prompt.txt
EXT-C121,extension,C121,PFE,Pfizer Inc.,bounded_extension,inventory,hybrid,Hybrid retrieval,"Pfizer records inventories at the lower of cost or net realizable value, with the cost of finished goods, work in process, and raw materials determined using average actual cost.",factual,1,0,T-PFE-INVENTORY-011,,1,NA,1,1,0.5,integration failure,1,data/processed/llm_outputs/gemma4_31b_extension/text/pfe_inventory_hybrid_output.txt,data/processed/retrieval_contexts/pfe_inventory_hybrid_context.txt,data/processed/prompts/pfe_inventory_hybrid_prompt.txt
EXT-C122,extension,C122,PFE,Pfizer Inc.,bounded_extension,inventory,hybrid,Hybrid retrieval,"In 2023, Biopharma earnings included approximately $6.2 billion of inventory write-offs and related charges to Cost of sales, primarily due to lower-than-expected demand for COVID-19 products.",factual,1,0,T-PFE-REVENUE_INVENTORY-035,,1,NA,1,1,0.5,integration failure,1,data/processed/llm_outputs/gemma4_31b_extension/text/pfe_inventory_hybrid_output.txt,data/processed/retrieval_contexts/pfe_inventory_hybrid_context.txt,data/processed/prompts/pfe_inventory_hybrid_prompt.txt
EXT-C123,extension,C123,PFE,Pfizer Inc.,bounded_extension,inventory,hybrid,Hybrid retrieval,"The occurrence of significant historical inventory write-offs (e.g., $6.2 billion in 2023) and non-cash favorable product return adjustments ($771 million in 2024) suggests a risk regarding the valuation assertion for inventory.",risk_or_assertion_mapping,1,1,T-PFE-REVENUE_INVENTORY-035,F-PFE-0134,0.5,0.5,1,1,1,none,1,data/processed/llm_outputs/gemma4_31b_extension/text/pfe_inventory_hybrid_output.txt,data/processed/retrieval_contexts/pfe_inventory_hybrid_context.txt,data/processed/prompts/pfe_inventory_hybrid_prompt.txt
EXT-C124,extension,C124,PFE,Pfizer Inc.,bounded_extension,inventory,hybrid,Hybrid retrieval,"The policy of classifying inventories not expected to be sold within 12 months as ""Other noncurrent assets"" presents a risk to the valuation and classification assertions.",risk_or_assertion_mapping,1,0,T-PFE-INVENTORY-011,,0.5,NA,1,1,0.5,integration failure,1,data/processed/llm_outputs/gemma4_31b_extension/text/pfe_inventory_hybrid_output.txt,data/processed/retrieval_contexts/pfe_inventory_hybrid_context.txt,data/processed/prompts/pfe_inventory_hybrid_prompt.txt
EXT-C125,extension,C125,PFE,Pfizer Inc.,bounded_extension,inventory,hybrid,Hybrid retrieval,"As of 2023-12-14, Pfizer recognized $3.273 billion in inventory from the Seagen acquisition, comprising $1.1 billion in current inventory and $2.1 billion in noncurrent inventory.",factual,0,1,,F-PFE-0037; F-PFE-0038; F-PFE-0039,0,1,1,1,0.5,integration failure,1,data/processed/llm_outputs/gemma4_31b_extension/text/pfe_inventory_hybrid_output.txt,data/processed/retrieval_contexts/pfe_inventory_hybrid_context.txt,data/processed/prompts/pfe_inventory_hybrid_prompt.txt
EXT-C136,extension,C136,MSFT,Microsoft Corp.,bounded_extension,revenue,hybrid,Hybrid retrieval,"As of 2025-06-30, the current contract liability was $64,555,000,000.",factual,0,1,,F-MSFT-0028,0,1,1,1,0.5,integration failure,1,data/processed/llm_outputs/gemma4_31b_extension/text/msft_revenue_hybrid_output.txt,data/processed/retrieval_contexts/msft_revenue_hybrid_context.txt,data/processed/prompts/msft_revenue_hybrid_prompt.txt
EXT-C137,extension,C137,MSFT,Microsoft Corp.,bounded_extension,revenue,hybrid,Hybrid retrieval,"Management utilizes estimates and assumptions to determine the standalone selling price (SSP) of performance obligations, variable consideration, and the nature and timing of the satisfaction of performance obligations.",factual,1,0,T-MSFT-REVENUE-089,,1,NA,1,1,0.5,integration failure,1,data/processed/llm_outputs/gemma4_31b_extension/text/msft_revenue_hybrid_output.txt,data/processed/retrieval_contexts/msft_revenue_hybrid_context.txt,data/processed/prompts/msft_revenue_hybrid_prompt.txt
EXT-C138,extension,C138,MSFT,Microsoft Corp.,bounded_extension,revenue,hybrid,Hybrid retrieval,The reliance on management estimates for determining the standalone selling price (SSP) and the timing of satisfaction of performance obligations creates a risk related to the Accuracy and Cut-off assertions for revenue.,risk_or_assertion_mapping,1,0,T-MSFT-REVENUE-089,,0.5,NA,1,1,0.5,integration failure,1,data/processed/llm_outputs/gemma4_31b_extension/text/msft_revenue_hybrid_output.txt,data/processed/retrieval_contexts/msft_revenue_hybrid_context.txt,data/processed/prompts/msft_revenue_hybrid_prompt.txt
EXT-C139,extension,C139,MSFT,Microsoft Corp.,bounded_extension,revenue,hybrid,Hybrid retrieval,"The practice of decoupling the timing of revenue recognition from the timing of invoicing (e.g., recording receivables for multi-year licenses or unearned revenue for subscriptions) creates a risk related to the Occurrence and Cut-off assertions.",risk_or_assertion_mapping,1,0,T-MSFT-REVENUE-102; T-MSFT-REVENUE-105,,0.5,NA,1,1,0.5,integration failure,1,data/processed/llm_outputs/gemma4_31b_extension/text/msft_revenue_hybrid_output.txt,data/processed/retrieval_contexts/msft_revenue_hybrid_context.txt,data/processed/prompts/msft_revenue_hybrid_prompt.txt
EXT-C140,extension,C140,MSFT,Microsoft Corp.,bounded_extension,revenue,hybrid,Hybrid retrieval,Management's judgment that contracts generally do not include a significant financing component creates a risk related to the Accuracy assertion of revenue measurement.,risk_or_assertion_mapping,1,0,T-MSFT-REVENUE-105,,0.5,NA,1,1,0.5,integration failure,1,data/processed/llm_outputs/gemma4_31b_extension/text/msft_revenue_hybrid_output.txt,data/processed/retrieval_contexts/msft_revenue_hybrid_context.txt,data/processed/prompts/msft_revenue_hybrid_prompt.txt
EXT-C151,extension,C151,MSFT,Microsoft Corp.,bounded_extension,inventory,hybrid,Hybrid retrieval,"As of 2025-06-30, the net inventory (InventoryNet) was $938,000,000.",factual,0,1,,F-MSFT-0026,0,1,1,1,0.5,integration failure,1,data/processed/llm_outputs/gemma4_31b_extension/text/msft_inventory_hybrid_output.txt,data/processed/retrieval_contexts/msft_inventory_hybrid_context.txt,data/processed/prompts/msft_inventory_hybrid_prompt.txt
EXT-C152,extension,C152,MSFT,Microsoft Corp.,bounded_extension,inventory,hybrid,Hybrid retrieval,"As of 2024-06-30, the net inventory (InventoryNet) was $1,246,000,000.",factual,0,1,,F-MSFT-0027,0,1,1,1,0.5,integration failure,1,data/processed/llm_outputs/gemma4_31b_extension/text/msft_inventory_hybrid_output.txt,data/processed/retrieval_contexts/msft_inventory_hybrid_context.txt,data/processed/prompts/msft_inventory_hybrid_prompt.txt
EXT-C153,extension,C153,MSFT,Microsoft Corp.,bounded_extension,inventory,hybrid,Hybrid retrieval,The scaling of AI infrastructure may present a risk to the valuation assertion of inventory due to potential technological obsolescence.,risk_or_assertion_mapping,1,0,T-MSFT-INVENTORY-005; T-MSFT-INVENTORY-006,,0.5,NA,1,1,0.5,integration failure,1,data/processed/llm_outputs/gemma4_31b_extension/text/msft_inventory_hybrid_output.txt,data/processed/retrieval_contexts/msft_inventory_hybrid_context.txt,data/processed/prompts/msft_inventory_hybrid_prompt.txt
EXT-C154,extension,C154,MSFT,Microsoft Corp.,bounded_extension,inventory,hybrid,Hybrid retrieval,The decrease in the net inventory balance between 2024-06-30 and 2025-06-30 requires assessment to determine if valuation adjustments were made.,risk_or_assertion_mapping,0,1,,F-MSFT-0026; F-MSFT-0027,0,0.5,1,1,0.5,integration failure,1,data/processed/llm_outputs/gemma4_31b_extension/text/msft_inventory_hybrid_output.txt,data/processed/retrieval_contexts/msft_inventory_hybrid_context.txt,data/processed/prompts/msft_inventory_hybrid_prompt.txt
EXT-C166,extension,C166,CROX,"Crocs, Inc.",bounded_extension,revenue,hybrid,Hybrid retrieval,"Crocs recognizes revenue when control of the product transfers to customers, reported net of promotions, discounts, rebates, and other incentives.",factual,1,0,Text Chunk 1,,1,NA,1,1,0.5,integration failure,1,data/processed/llm_outputs/gemma4_31b_extension/text/crox_revenue_hybrid_output.txt,data/processed/retrieval_contexts/crox_revenue_hybrid_context.txt,data/processed/prompts/crox_revenue_hybrid_prompt.txt
EXT-C167,extension,C167,CROX,"Crocs, Inc.",bounded_extension,revenue,hybrid,Hybrid retrieval,"The estimation of reserves for sales returns and allowances, particularly for direct-to-consumer channels and wholesale exceptions, involves significant judgment.",risk_or_assertion_mapping,1,0,Text Chunk 1,,0.5,NA,1,1,0.5,integration failure,1,data/processed/llm_outputs/gemma4_31b_extension/text/crox_revenue_hybrid_output.txt,data/processed/retrieval_contexts/crox_revenue_hybrid_context.txt,data/processed/prompts/crox_revenue_hybrid_prompt.txt
EXT-C168,extension,C168,CROX,"Crocs, Inc.",bounded_extension,revenue,hybrid,Hybrid retrieval,Revenue recognition for wholesale customers occurs either when the product is shipped/delivered from a facility or when the customer receives the product at a designated delivery point.,risk_or_assertion_mapping,1,0,Text Chunk 3,,0.5,NA,1,1,0.5,integration failure,1,data/processed/llm_outputs/gemma4_31b_extension/text/crox_revenue_hybrid_output.txt,data/processed/retrieval_contexts/crox_revenue_hybrid_context.txt,data/processed/prompts/crox_revenue_hybrid_prompt.txt
EXT-C169,extension,C169,CROX,"Crocs, Inc.",bounded_extension,revenue,hybrid,Hybrid retrieval,Markdown allowances are provided to key wholesalers and distributors at the company's sole discretion to facilitate the sale of slower-moving products.,risk_or_assertion_mapping,1,0,Text Chunk 1; Text Chunk 3,,0.5,NA,1,1,0.5,integration failure,1,data/processed/llm_outputs/gemma4_31b_extension/text/crox_revenue_hybrid_output.txt,data/processed/retrieval_contexts/crox_revenue_hybrid_context.txt,data/processed/prompts/crox_revenue_hybrid_prompt.txt
EXT-C170,extension,C170,CROX,"Crocs, Inc.",bounded_extension,revenue,hybrid,Hybrid retrieval,"As of December 31, 2025, the company recorded no deferred revenues associated with advance customer deposits.",factual,1,0,Text Chunk 2,,1,NA,1,1,0.5,integration failure,1,data/processed/llm_outputs/gemma4_31b_extension/text/crox_revenue_hybrid_output.txt,data/processed/retrieval_contexts/crox_revenue_hybrid_context.txt,data/processed/prompts/crox_revenue_hybrid_prompt.txt
EXT-C182,extension,C182,CROX,"Crocs, Inc.",bounded_extension,inventory,hybrid,Hybrid retrieval,"As of December 31, 2025, Crocs, Inc.'s net inventory was $368,687,000.",factual,0,1,,F-CROX-0014,0,1,1,1,0.5,integration failure,1,data/processed/llm_outputs/gemma4_31b_extension/text/crox_inventory_hybrid_output.txt,data/processed/retrieval_contexts/crox_inventory_hybrid_context.txt,data/processed/prompts/crox_inventory_hybrid_prompt.txt
EXT-C183,extension,C183,CROX,"Crocs, Inc.",bounded_extension,inventory,hybrid,Hybrid retrieval,"Crocs, Inc. recorded an inventory write-down of $871,000 for the fiscal year 2025.",factual,0,1,,F-CROX-0020,0,1,1,1,0.5,integration failure,1,data/processed/llm_outputs/gemma4_31b_extension/text/crox_inventory_hybrid_output.txt,data/processed/retrieval_contexts/crox_inventory_hybrid_context.txt,data/processed/prompts/crox_inventory_hybrid_prompt.txt
EXT-C184,extension,C184,CROX,"Crocs, Inc.",bounded_extension,inventory,hybrid,Hybrid retrieval,The valuation of inventory is subject to significant estimation uncertainty regarding the assessment of the lower of cost or net realizable value (NRV).,risk_or_assertion_mapping,1,0,T-CROX-REVENUE_INVENTORY-019; T-CROX-REVENUE_INVENTORY-022,,0.5,NA,1,1,0.5,integration failure,1,data/processed/llm_outputs/gemma4_31b_extension/text/crox_inventory_hybrid_output.txt,data/processed/retrieval_contexts/crox_inventory_hybrid_context.txt,data/processed/prompts/crox_inventory_hybrid_prompt.txt
EXT-C185,extension,C185,CROX,"Crocs, Inc.",bounded_extension,inventory,hybrid,Hybrid retrieval,Inventory valuation is sensitive to fluctuations in consumer and retailer preferences and general market conditions.,risk_or_assertion_mapping,1,0,T-CROX-REVENUE_INVENTORY-022,,0.5,NA,1,1,0.5,integration failure,1,data/processed/llm_outputs/gemma4_31b_extension/text/crox_inventory_hybrid_output.txt,data/processed/retrieval_contexts/crox_inventory_hybrid_context.txt,data/processed/prompts/crox_inventory_hybrid_prompt.txt
EXT-C186,extension,C186,CROX,"Crocs, Inc.",bounded_extension,inventory,hybrid,Hybrid retrieval,The use of outlet stores and off-price channels to sell discontinued or end-of-life inventory introduces specific valuation considerations for NRV.,risk_or_assertion_mapping,1,0,T-CROX-REVENUE_INVENTORY-022,,0.5,NA,1,1,0.5,integration failure,1,data/processed/llm_outputs/gemma4_31b_extension/text/crox_inventory_hybrid_output.txt,data/processed/retrieval_contexts/crox_inventory_hybrid_context.txt,data/processed/prompts/crox_inventory_hybrid_prompt.txt
EXT-C094,extension,C094,CAT,Caterpillar Inc.,bounded_extension,inventory,llm_only,LLM-only diagnostic baseline,The provided context is insufficient to identify any audit-relevant risk cues or assertion-mapping considerations for inventory valuation for Caterpillar Inc. for the specified period.,insufficient_context,0,0,,,NA,NA,1,1,NA,none,1,data/processed/llm_outputs/gemma4_31b_extension/text/cat_inventory_llm_only_output.txt,data/processed/retrieval_contexts/cat_inventory_llm_only_context.txt,data/processed/prompts/cat_inventory_llm_only_prompt.txt
EXT-C187,extension,C187,CROX,"Crocs, Inc.",bounded_extension,inventory,llm_only,LLM-only diagnostic baseline,"The provided context is insufficient to identify any audit-relevant risk cues or assertion-mapping considerations for inventory valuation for Crocs, Inc. for the specified period.",insufficient_context,0,0,,,NA,NA,1,1,NA,none,1,data/processed/llm_outputs/gemma4_31b_extension/text/crox_inventory_llm_only_output.txt,data/processed/retrieval_contexts/crox_inventory_llm_only_context.txt,data/processed/prompts/crox_inventory_llm_only_prompt.txt
EXT-C063,extension,C063,HD,"Home Depot, Inc.",bounded_extension,inventory,llm_only,LLM-only diagnostic baseline,"The provided context is insufficient to identify any audit-relevant risk cues or assertion-mapping considerations for inventory valuation for Home Depot, Inc. for the specified period.",insufficient_context,0,0,,,NA,NA,1,1,NA,none,1,data/processed/llm_outputs/gemma4_31b_extension/text/hd_inventory_llm_only_output.txt,data/processed/retrieval_contexts/hd_inventory_llm_only_context.txt,data/processed/prompts/hd_inventory_llm_only_prompt.txt
EXT-C155,extension,C155,MSFT,Microsoft Corp.,bounded_extension,inventory,llm_only,LLM-only diagnostic baseline,The provided context is insufficient to identify any audit-relevant risk cues or assertion-mapping considerations for inventory valuation for Microsoft Corp. for the specified period.,insufficient_context,0,0,,,NA,NA,1,1,NA,none,1,data/processed/llm_outputs/gemma4_31b_extension/text/msft_inventory_llm_only_output.txt,data/processed/retrieval_contexts/msft_inventory_llm_only_context.txt,data/processed/prompts/msft_inventory_llm_only_prompt.txt
MAIN-C031,main,C031,NKE,"Nike, Inc.",main_deep_case,inventory,llm_only,LLM-only diagnostic baseline,"The provided context is insufficient to identify any audit-relevant risk cues or assertion-mapping considerations for Nike, Inc.'s inventory valuation for the fiscal year ended 2025-05-31.",insufficient_context,0,0,,,NA,NA,1,1,NA,none,1,data/processed/llm_outputs/gemma4_31b_full/text/nke_inventory_llm_only_output.txt,data/processed/retrieval_contexts/nke_inventory_llm_only_context.txt,data/processed/prompts/nke_inventory_llm_only_prompt.txt
EXT-C126,extension,C126,PFE,Pfizer Inc.,bounded_extension,inventory,llm_only,LLM-only diagnostic baseline,The provided context is insufficient to identify any audit-relevant risk cues or assertion-mapping considerations for inventory valuation for Pfizer Inc. for the specified period.,insufficient_context,0,0,,,NA,NA,1,1,NA,none,1,data/processed/llm_outputs/gemma4_31b_extension/text/pfe_inventory_llm_only_output.txt,data/processed/retrieval_contexts/pfe_inventory_llm_only_context.txt,data/processed/prompts/pfe_inventory_llm_only_prompt.txt
MAIN-C062,main,C062,SBUX,Starbucks Corporation,main_deep_case,inventory,llm_only,LLM-only diagnostic baseline,The provided context is insufficient to identify any audit-relevant risk cues or assertion-mapping considerations for inventory valuation for Starbucks Corporation.,insufficient_context,0,0,,,NA,NA,1,1,NA,none,1,data/processed/llm_outputs/gemma4_31b_full/text/sbux_inventory_llm_only_output.txt,data/processed/retrieval_contexts/sbux_inventory_llm_only_context.txt,data/processed/prompts/sbux_inventory_llm_only_prompt.txt
MAIN-C094,main,C094,TGT,Target Corporation,main_deep_case,inventory,llm_only,LLM-only diagnostic baseline,The provided context is insufficient to identify any audit-relevant risk cues or assertion-mapping considerations for inventory valuation for Target Corporation.,insufficient_context,0,0,,,NA,NA,1,1,NA,none,1,data/processed/llm_outputs/gemma4_31b_full/text/tgt_inventory_llm_only_output.txt,data/processed/retrieval_contexts/tgt_inventory_llm_only_context.txt,data/processed/prompts/tgt_inventory_llm_only_prompt.txt
EXT-C031,extension,C031,WMT,Walmart Inc.,bounded_extension,inventory,llm_only,LLM-only diagnostic baseline,The provided context is insufficient to identify any audit-relevant risk cues or assertion-mapping considerations for inventory valuation for Walmart Inc. for the specified period.,insufficient_context,0,0,,,NA,NA,1,1,NA,none,1,data/processed/llm_outputs/gemma4_31b_extension/text/wmt_inventory_llm_only_output.txt,data/processed/retrieval_contexts/wmt_inventory_llm_only_context.txt,data/processed/prompts/wmt_inventory_llm_only_prompt.txt
EXT-C079,extension,C079,CAT,Caterpillar Inc.,bounded_extension,revenue,llm_only,LLM-only diagnostic baseline,The provided context is insufficient to identify any audit-relevant risk cues or assertion-mapping considerations for revenue recognition for Caterpillar Inc. for the specified period.,insufficient_context,0,0,,,NA,NA,1,1,NA,none,1,data/processed/llm_outputs/gemma4_31b_extension/text/cat_revenue_llm_only_output.txt,data/processed/retrieval_contexts/cat_revenue_llm_only_context.txt,data/processed/prompts/cat_revenue_llm_only_prompt.txt
EXT-C171,extension,C171,CROX,"Crocs, Inc.",bounded_extension,revenue,llm_only,LLM-only diagnostic baseline,"The provided context is insufficient to identify any audit-relevant risk cues or assertion-mapping considerations for revenue recognition for Crocs, Inc. for the fiscal year ended 2025-12-31.",insufficient_context,0,0,,,NA,NA,1,1,NA,none,1,data/processed/llm_outputs/gemma4_31b_extension/text/crox_revenue_llm_only_output.txt,data/processed/retrieval_contexts/crox_revenue_llm_only_context.txt,data/processed/prompts/crox_revenue_llm_only_prompt.txt
EXT-C047,extension,C047,HD,"Home Depot, Inc.",bounded_extension,revenue,llm_only,LLM-only diagnostic baseline,"The provided context is insufficient to identify any audit-relevant risk cues or assertion-mapping considerations for revenue recognition for Home Depot, Inc. for the specified period.",insufficient_context,0,0,,,NA,NA,1,1,NA,none,1,data/processed/llm_outputs/gemma4_31b_extension/text/hd_revenue_llm_only_output.txt,data/processed/retrieval_contexts/hd_revenue_llm_only_context.txt,data/processed/prompts/hd_revenue_llm_only_prompt.txt
EXT-C084,extension,C084,CAT,Caterpillar Inc.,bounded_extension,inventory,xbrl,XBRL-based relational retrieval,"As of 2025-12-31, the Inventory, Net balance is 18,135,000,000 USD.",factual,0,1,,F-CAT-0018,NA,1,1,1,NA,none,1,data/processed/llm_outputs/gemma4_31b_extension/text/cat_inventory_xbrl_output.txt,data/processed/retrieval_contexts/cat_inventory_xbrl_context.txt,data/processed/prompts/cat_inventory_xbrl_prompt.txt
EXT-C085,extension,C085,CAT,Caterpillar Inc.,bounded_extension,inventory,xbrl,XBRL-based relational retrieval,"As of 2025-12-31, the Inventory LIFO Reserve is 4,305,000,000 USD.",factual,0,1,,F-CAT-0048,NA,1,1,1,NA,none,1,data/processed/llm_outputs/gemma4_31b_extension/text/cat_inventory_xbrl_output.txt,data/processed/retrieval_contexts/cat_inventory_xbrl_context.txt,data/processed/prompts/cat_inventory_xbrl_prompt.txt
EXT-C086,extension,C086,CAT,Caterpillar Inc.,bounded_extension,inventory,xbrl,XBRL-based relational retrieval,The valuation assertion for inventory is impacted by the calculation and maintenance of the LIFO reserve.,risk_or_assertion_mapping,0,1,,F-CAT-0048; F-CAT-0049,NA,0.5,1,1,NA,none,1,data/processed/llm_outputs/gemma4_31b_extension/text/cat_inventory_xbrl_output.txt,data/processed/retrieval_contexts/cat_inventory_xbrl_context.txt,data/processed/prompts/cat_inventory_xbrl_prompt.txt
EXT-C087,extension,C087,CAT,Caterpillar Inc.,bounded_extension,inventory,xbrl,XBRL-based relational retrieval,"The reported ""InventoryMethodologyDifference"" represents a risk cue for the valuation assertion due to the complexity of reconciling different accounting methods.",risk_or_assertion_mapping,0,1,,F-CAT-1036,NA,0.5,1,1,NA,none,1,data/processed/llm_outputs/gemma4_31b_extension/text/cat_inventory_xbrl_output.txt,data/processed/retrieval_contexts/cat_inventory_xbrl_context.txt,data/processed/prompts/cat_inventory_xbrl_prompt.txt
EXT-C088,extension,C088,CAT,Caterpillar Inc.,bounded_extension,inventory,xbrl,XBRL-based relational retrieval,The increase in total net inventory from 2024 to 2025 suggests a need to assess the valuation assertion for potential obsolescence or impairment.,risk_or_assertion_mapping,0,1,,F-CAT-0018; F-CAT-0019,NA,0.5,1,1,NA,none,1,data/processed/llm_outputs/gemma4_31b_extension/text/cat_inventory_xbrl_output.txt,data/processed/retrieval_contexts/cat_inventory_xbrl_context.txt,data/processed/prompts/cat_inventory_xbrl_prompt.txt
EXT-C177,extension,C177,CROX,"Crocs, Inc.",bounded_extension,inventory,xbrl,XBRL-based relational retrieval,"As of 2025-12-31, the net inventory balance for Crocs, Inc. was 368,687,000 USD.",factual,0,1,,F-CROX-0014,NA,1,1,1,NA,none,1,data/processed/llm_outputs/gemma4_31b_extension/text/crox_inventory_xbrl_output.txt,data/processed/retrieval_contexts/crox_inventory_xbrl_context.txt,data/processed/prompts/crox_inventory_xbrl_prompt.txt
EXT-C178,extension,C178,CROX,"Crocs, Inc.",bounded_extension,inventory,xbrl,XBRL-based relational retrieval,"For the period 2025-01-01 to 2025-12-31, Crocs, Inc. recorded an inventory write-down of 871,000 USD.",factual,0,1,,F-CROX-0020,NA,1,1,1,NA,none,1,data/processed/llm_outputs/gemma4_31b_extension/text/crox_inventory_xbrl_output.txt,data/processed/retrieval_contexts/crox_inventory_xbrl_context.txt,data/processed/prompts/crox_inventory_xbrl_prompt.txt
EXT-C179,extension,C179,CROX,"Crocs, Inc.",bounded_extension,inventory,xbrl,XBRL-based relational retrieval,"The company has recorded inventory write-downs for three consecutive years (2023: 2,078,000 USD; 2024: 812,000 USD; 2025: 871,000 USD).",risk_or_assertion_mapping,0,1,,F-CROX-0020; F-CROX-0021; F-CROX-0022,NA,0.5,1,1,NA,none,1,data/processed/llm_outputs/gemma4_31b_extension/text/crox_inventory_xbrl_output.txt,data/processed/retrieval_contexts/crox_inventory_xbrl_context.txt,data/processed/prompts/crox_inventory_xbrl_prompt.txt
EXT-C180,extension,C180,CROX,"Crocs, Inc.",bounded_extension,inventory,xbrl,XBRL-based relational retrieval,"InventoryNet increased from 356,254,000 USD at 2024-12-31 to 368,687,000 USD at 2025-12-31, while a write-down of 871,000 USD was recognized in 2025.",risk_or_assertion_mapping,0,1,,F-CROX-0014; F-CROX-0015; F-CROX-0020,NA,0.5,1,1,NA,none,1,data/processed/llm_outputs/gemma4_31b_extension/text/crox_inventory_xbrl_output.txt,data/processed/retrieval_contexts/crox_inventory_xbrl_context.txt,data/processed/prompts/crox_inventory_xbrl_prompt.txt
EXT-C181,extension,C181,CROX,"Crocs, Inc.",bounded_extension,inventory,xbrl,XBRL-based relational retrieval,Cost of Goods and Services Sold is distributed across different business segments (Crocs Brand and HEYDUDE Brand).,risk_or_assertion_mapping,0,1,,F-CROX-0108; F-CROX-0114,NA,0.5,1,1,NA,none,1,data/processed/llm_outputs/gemma4_31b_extension/text/crox_inventory_xbrl_output.txt,data/processed/retrieval_contexts/crox_inventory_xbrl_context.txt,data/processed/prompts/crox_inventory_xbrl_prompt.txt
EXT-C080,extension,C080,CAT,Caterpillar Inc.,bounded_extension,inventory,text,Text-based contextual retrieval,"Caterpillar Inc. states inventories at the lower of cost or net realizable value, primarily determining cost using the last-in, first-out (LIFO) method.",factual,1,0,T-CAT-INVENTORY-016,,1,NA,1,1,NA,none,1,data/processed/llm_outputs/gemma4_31b_extension/text/cat_inventory_text_output.txt,data/processed/retrieval_contexts/cat_inventory_text_context.txt,data/processed/prompts/cat_inventory_text_prompt.txt
EXT-C081,extension,C081,CAT,Caterpillar Inc.,bounded_extension,inventory,text,Text-based contextual retrieval,"Inventories valued on the LIFO basis represented approximately 70 percent of total inventories at December 31, 2025, and 65 percent at December 31, 2024.",factual,1,0,T-CAT-INVENTORY-016,,1,NA,1,1,NA,none,1,data/processed/llm_outputs/gemma4_31b_extension/text/cat_inventory_text_output.txt,data/processed/retrieval_contexts/cat_inventory_text_context.txt,data/processed/prompts/cat_inventory_text_prompt.txt
EXT-C082,extension,C082,CAT,Caterpillar Inc.,bounded_extension,inventory,text,Text-based contextual retrieval,The identification of inventory write-downs and LIFO inventory decrement benefits arising from liquidations at closed facilities presents a risk to the inventory valuation assertion.,risk_or_assertion_mapping,1,0,T-CAT-INVENTORY-008; T-CAT-INVENTORY-023,,0.5,NA,1,1,NA,none,1,data/processed/llm_outputs/gemma4_31b_extension/text/cat_inventory_text_output.txt,data/processed/retrieval_contexts/cat_inventory_text_context.txt,data/processed/prompts/cat_inventory_text_prompt.txt
EXT-C083,extension,C083,CAT,Caterpillar Inc.,bounded_extension,inventory,text,Text-based contextual retrieval,"The inventory management decisions of independent dealers and OEMs, influenced by market conditions and used equipment inventory levels, may create valuation risks for Caterpillar's finished products.",risk_or_assertion_mapping,1,0,T-CAT-REVENUE_INVENTORY-003,,0.5,NA,1,1,NA,none,1,data/processed/llm_outputs/gemma4_31b_extension/text/cat_inventory_text_output.txt,data/processed/retrieval_contexts/cat_inventory_text_context.txt,data/processed/prompts/cat_inventory_text_prompt.txt
EXT-C172,extension,C172,CROX,"Crocs, Inc.",bounded_extension,inventory,text,Text-based contextual retrieval,Inventories consist of finished goods and are valued at the lower of cost or net realizable value (NRV) using the first-in-first-out (FIFO) costing method.,factual,1,0,Text Chunk 1,,1,NA,1,1,NA,none,1,data/processed/llm_outputs/gemma4_31b_extension/text/crox_inventory_text_output.txt,data/processed/retrieval_contexts/crox_inventory_text_context.txt,data/processed/prompts/crox_inventory_text_prompt.txt
EXT-C173,extension,C173,CROX,"Crocs, Inc.",bounded_extension,inventory,text,Text-based contextual retrieval,"The valuation of inventory is subject to risk due to the reliance on management estimates regarding historical sales trends, market trends, economic conditions, and future demand forecasts.",risk_or_assertion_mapping,1,0,Text Chunk 1; Text Chunk 3,,0.5,NA,1,1,NA,none,1,data/processed/llm_outputs/gemma4_31b_extension/text/crox_inventory_text_output.txt,data/processed/retrieval_contexts/crox_inventory_text_context.txt,data/processed/prompts/crox_inventory_text_prompt.txt
EXT-C174,extension,C174,CROX,"Crocs, Inc.",bounded_extension,inventory,text,Text-based contextual retrieval,Competitive pricing pressures and the potential need to mark down prices to maintain customers may impact inventory valuation.,risk_or_assertion_mapping,1,0,Text Chunk 5,,0.5,NA,1,1,NA,none,1,data/processed/llm_outputs/gemma4_31b_extension/text/crox_inventory_text_output.txt,data/processed/retrieval_contexts/crox_inventory_text_context.txt,data/processed/prompts/crox_inventory_text_prompt.txt
EXT-C175,extension,C175,CROX,"Crocs, Inc.",bounded_extension,inventory,text,Text-based contextual retrieval,"Supply chain constraints, raw material shortages, and increased freight and material costs may influence the cost basis of inventory.",risk_or_assertion_mapping,1,0,Text Chunk 2; Text Chunk 4; Text Chunk 5,,0.5,NA,1,1,NA,none,1,data/processed/llm_outputs/gemma4_31b_extension/text/crox_inventory_text_output.txt,data/processed/retrieval_contexts/crox_inventory_text_context.txt,data/processed/prompts/crox_inventory_text_prompt.txt
EXT-C176,extension,C176,CROX,"Crocs, Inc.",bounded_extension,inventory,text,Text-based contextual retrieval,"Consolidated gross margin decreased from 58.8% in 2024 to 58.3% in 2025, driven primarily by incremental duties and higher freight and fulfillment costs.",factual,1,0,Text Chunk 2,,1,NA,1,1,NA,none,1,data/processed/llm_outputs/gemma4_31b_extension/text/crox_inventory_text_output.txt,data/processed/retrieval_contexts/crox_inventory_text_context.txt,data/processed/prompts/crox_inventory_text_prompt.txt
