relative_path,category,size_bytes,sha256,generated_at_utc
config/filer_manifest.json,config,4128,2c55b87d01219212a10cbd706c1676a7a36cbdf363f63fa9d75b835405f5dff4,2026-06-02T03:44:20.294536+00:00
data/processed/coding/claim_coding_summary.md,processed,1539,51300f51535bbe4c54ca0121f43d3a48b0288df1d5fbcf3b5aa420e9ed034cc8,2026-06-02T03:44:20.294536+00:00
data/processed/coding/claim_coding_summary_gemma4_31b.md,processed,1539,51300f51535bbe4c54ca0121f43d3a48b0288df1d5fbcf3b5aa420e9ed034cc8,2026-06-02T03:44:20.294536+00:00
data/processed/coding/claim_coding_summary_gemma4_31b_extension.md,processed,1597,52ca70abd59dd8eb7f98d4332beb9eb02202b9af97e27f15b5b353ed9cd51f09,2026-06-02T03:44:20.294536+00:00
data/processed/coding/claim_level_coding_gemma4_31b.csv,processed,169021,34b51d13ff4eb8977929501275a065056c8fcda4bc9601693bf86375d9432bcf,2026-06-02T03:44:20.294536+00:00
data/processed/coding/claim_level_coding_gemma4_31b_extension.csv,processed,335093,c01f5b685bffe97d46d03ca0571c695789aefbb7a24f7986f222740370a7a808,2026-06-02T03:44:20.294536+00:00
data/processed/coding/coding_summary_by_condition.csv,processed,783,19bb132a26708dbab760f1bbb124811fe241531b398b2058d61b1725e8d43e42,2026-06-02T03:44:20.294536+00:00
data/processed/coding/coding_summary_by_condition_gemma4_31b.csv,processed,783,19bb132a26708dbab760f1bbb124811fe241531b398b2058d61b1725e8d43e42,2026-06-02T03:44:20.294536+00:00
data/processed/coding/coding_summary_by_condition_gemma4_31b_extension.csv,processed,796,7b274b249517ba2eeb02cea5ccaff8db4cfad7f3a5ee0ee9b5ebb310c59ed442,2026-06-02T03:44:20.294536+00:00
data/processed/coding/failure_mode_examples_prelim.csv,processed,9877,56644392598eb57d42426e985f0608234a9def5b4cda723b2fe6f525d2c6a4c4,2026-06-02T03:44:20.294536+00:00
data/processed/coding/failure_mode_examples_prelim_gemma4_31b.csv,processed,9877,56644392598eb57d42426e985f0608234a9def5b4cda723b2fe6f525d2c6a4c4,2026-06-02T03:44:20.294536+00:00
data/processed/coding/failure_mode_examples_prelim_gemma4_31b_extension.csv,processed,20682,688fdd539189dea32e86a2fd53771f0c61979f91f7a17d50c0d3430e04157370,2026-06-02T03:44:20.294536+00:00
data/processed/coding/hybrid_integration_mechanism_by_construct.csv,processed,143,5edf95a6d6b88c54f90cd2f8509afa7658fcd303a9fb1bbe5075e62ffcfaa5fd,2026-06-02T03:44:20.294536+00:00
data/processed/coding/hybrid_integration_mechanism_summary.csv,processed,370,de6ba49c9d63a8835312c8a04d9f364cc4f47361fcd54a59e6137da61963e52b,2026-06-02T03:44:20.294536+00:00
data/processed/coding/hybrid_integration_mechanism_summary.md,processed,980,f21d77473e35d4fb7c6b203594889b11e852b0a48e682b81c66fbb934b9c7d6e,2026-06-02T03:44:20.294536+00:00
data/processed/coding/hybrid_integration_mechanisms.csv,processed,30433,2081ed1fc7ab4626c86b666a4786d09634af1563700a82fea8f86adc24778d37,2026-06-02T03:44:20.294536+00:00
data/processed/coding/independent_coder_process_documentation.md,processed,5169,e5083427e3d322d9dc4d3cd9938e12b6b10f404ee2a4f38791d8891af3927f25,2026-06-02T03:44:20.294536+00:00
data/processed/coding/independent_coding_disagreements.csv,processed,4794,15d5b8073d9af22d67158fcfcccc3cbc3c9c89596ff32e447a1db68ccbea3766,2026-06-02T03:44:20.294536+00:00
data/processed/coding/independent_coding_protocol.md,processed,6575,aba0b9b9fd7af72b4593b4a94c6cdb0592a0f4612a19c2f82415373b034587ab,2026-06-02T03:44:20.294536+00:00
data/processed/coding/independent_coding_reconciliation_notes.md,processed,2972,162958dbde4c18d202e9f341de57c67afe3ab391ea89fea9c441b2cdbcab191a,2026-06-02T03:44:20.294536+00:00
data/processed/coding/independent_coding_results.csv,processed,92761,fdaed7e2062b2baeceedfd528989a848c90d5a07c9f4ec87ac0f6d2377ca7520,2026-06-02T03:44:20.294536+00:00
data/processed/coding/independent_coding_sample.csv,processed,63102,4b827fe192e3713de7c1b107dafd9ca436edb92a73742bb432a6151824027997,2026-06-02T03:44:20.294536+00:00
data/processed/coding/inference_shift_table_prelim.csv,processed,3232,b2705cc166e50e2cffc7e6e0e35277ba38470a6efeca1fc10ca6b1ed9c23e0a8,2026-06-02T03:44:20.294536+00:00
data/processed/coding/inference_shift_table_prelim_gemma4_31b.csv,processed,3232,b2705cc166e50e2cffc7e6e0e35277ba38470a6efeca1fc10ca6b1ed9c23e0a8,2026-06-02T03:44:20.294536+00:00
data/processed/coding/inference_shift_table_prelim_gemma4_31b_extension.csv,processed,6358,062bc5b50989041fb6f9db667571d9010d342fbb3b87324f00fb0301d62c25aa,2026-06-02T03:44:20.294536+00:00
data/processed/coding/intercoder_reliability_summary.md,processed,2803,1cc5272920f2597790f500954c41dc53df5e19c954c11255efbcaaabf1081da6,2026-06-02T03:44:20.294536+00:00
data/processed/coding/manuscript_selected_claim_table.md,processed,1827,2a28ebee2c7d5b7f69e7729625229167357dd55e8bcefc4c4e42db6e65b52d72,2026-06-02T03:44:20.294536+00:00
data/processed/coding/selected_manuscript_examples_prelim.csv,processed,2093,22579641859ffe14cb2b03b55a13065a2f8c4447ea2cff14724dec32aa168caf,2026-06-02T03:44:20.294536+00:00
data/processed/coding/selected_source_spot_check.csv,processed,1933,f6e8d5f8dfd48063ffc698285a8cfa67f07df1aea2112231025ee531d6608085,2026-06-02T03:44:20.294536+00:00
data/processed/download_manifest.json,processed,36211,1d51e2cf02b0f0fff324756f98e68f28836467c6c81028120583bbac857be07f,2026-06-02T03:44:20.294536+00:00
data/processed/download_manifest.md,processed,31470,bd59b45c10796b6f06dc19c99757c6354fb87a166e75935e825ed029d5528f7c,2026-06-02T03:44:20.294536+00:00
data/processed/extraction_summary.json,processed,1653,fdbecd29b5ef2dbe2080ef5d99b0fa1e5eda060c7790470a4aa0fb42cc9dd661,2026-06-02T03:44:20.294536+00:00
data/processed/extraction_summary.md,processed,1432,e8594636eb68a96d59da2fd3bf8c311a69127924d26e7bb27c1b73541d26fdc1,2026-06-02T03:44:20.294536+00:00
data/processed/llm_outputs/gemma4_31b_drycheck/run_manifest_dry_run.csv,processed,652,96ef8fe3d20ddf52f66b86f89b6f7bc20008442aea3bff5f152e4f372bcd1212,2026-06-02T03:44:20.294536+00:00
data/processed/llm_outputs/gemma4_31b_drycheck/run_summary_dry_run.md,processed,260,89828f6390a59ad7a8c4b67f74c9ea0a8d075cd66dfe48bcdbc41289b9b16fb0,2026-06-02T03:44:20.294536+00:00
data/processed/llm_outputs/gemma4_31b_extension/raw_json/cat_inventory_hybrid_raw.json,processed,52593,bfdbf6bd6993a313c1171df504b1360f5a965796fee790e94695cd607e68be80,2026-06-02T03:44:20.294536+00:00
data/processed/llm_outputs/gemma4_31b_extension/raw_json/cat_inventory_llm_only_raw.json,processed,8542,cbc1a4ac926634883a1fa46f7a142cd6b27ecda15daf53fc9adb3d5be66a891b,2026-06-02T03:44:20.294536+00:00
data/processed/llm_outputs/gemma4_31b_extension/raw_json/cat_inventory_text_raw.json,processed,38446,9bc0eb8ab2ee7a7992e69dd9fcbc6f5afaa617d63810b5fcc973a7d2e8b8b4ea,2026-06-02T03:44:20.294536+00:00
data/processed/llm_outputs/gemma4_31b_extension/raw_json/cat_inventory_xbrl_raw.json,processed,56809,31266d85b185f4650d3c047cb65d40e6ea3552d5f1d26584787b64e97b7c6c92,2026-06-02T03:44:20.294536+00:00
data/processed/llm_outputs/gemma4_31b_extension/raw_json/cat_revenue_hybrid_raw.json,processed,58108,438a6595bc94ffe9329469a4be920f9bc30761b0af9125fc326d30b36c03fa46,2026-06-02T03:44:20.294536+00:00
data/processed/llm_outputs/gemma4_31b_extension/raw_json/cat_revenue_llm_only_raw.json,processed,8605,33707696f6fe138e81db33e00ece369ea5f21e0d9919b4dc0a1d4bdf29c11bfc,2026-06-02T03:44:20.294536+00:00
data/processed/llm_outputs/gemma4_31b_extension/raw_json/cat_revenue_text_raw.json,processed,45697,ede5f07d834a37c652a74a25b1caeddcf8ed0a85457a4408e8854449ef2da354,2026-06-02T03:44:20.294536+00:00
data/processed/llm_outputs/gemma4_31b_extension/raw_json/cat_revenue_xbrl_raw.json,processed,59068,da3e49fad4a59bc493889594341bcb5486302ac5c97973e0166357877d4cf26b,2026-06-02T03:44:20.294536+00:00
data/processed/llm_outputs/gemma4_31b_extension/raw_json/crox_inventory_hybrid_raw.json,processed,57400,a9a4a69bd14202fbc136dc353d7e54f4457fc68529caff824e989a827616ba7d,2026-06-02T03:44:20.294536+00:00
data/processed/llm_outputs/gemma4_31b_extension/raw_json/crox_inventory_llm_only_raw.json,processed,8606,2d4d69bc99b08096684458dbb726700d4268140f54f01efb9bee087c66bdac24,2026-06-02T03:44:20.294536+00:00
data/processed/llm_outputs/gemma4_31b_extension/raw_json/crox_inventory_text_raw.json,processed,43826,b565a4c1d9c32f32f0452a9c236875fd9a706055a7101db9b31b549b35fd9849,2026-06-02T03:44:20.294536+00:00
data/processed/llm_outputs/gemma4_31b_extension/raw_json/crox_inventory_xbrl_raw.json,processed,61578,2186018e0712985425a3bcc25345606c66775c3c16723da1de4bf25895f6dfed,2026-06-02T03:44:20.294536+00:00
data/processed/llm_outputs/gemma4_31b_extension/raw_json/crox_revenue_hybrid_raw.json,processed,57985,bcc62616f41112fd8dcc0c436eef3b97c91115de20117d91deb23605891c1e1d,2026-06-02T03:44:20.294536+00:00
data/processed/llm_outputs/gemma4_31b_extension/raw_json/crox_revenue_llm_only_raw.json,processed,8837,4d1c2efe5495536c5ccbc8a043156cd7c72cad1a73d1c40f0396593bcefae495,2026-06-02T03:44:20.294536+00:00
data/processed/llm_outputs/gemma4_31b_extension/raw_json/crox_revenue_text_raw.json,processed,40012,ac40768cdf101e3d240514769cf72d3b14d450813814ca2bf5b358acdbe5c3da,2026-06-02T03:44:20.294536+00:00
data/processed/llm_outputs/gemma4_31b_extension/raw_json/crox_revenue_xbrl_raw.json,processed,64883,62a6869005e6a756287a710137c0c0563a9aa88551d54e1ce0467da1de016112,2026-06-02T03:44:20.294536+00:00
data/processed/llm_outputs/gemma4_31b_extension/raw_json/hd_inventory_hybrid_raw.json,processed,58612,ffd575d2c68e83769298aed7997060673339ba4f6bcc099cae0aba4b20848f0f,2026-06-02T03:44:20.294536+00:00
data/processed/llm_outputs/gemma4_31b_extension/raw_json/hd_inventory_llm_only_raw.json,processed,8686,b6299d2e34c50a062b2d34d05f707b0711acb0ebb10a5616c6f5f88f3cc07f7c,2026-06-02T03:44:20.294536+00:00
data/processed/llm_outputs/gemma4_31b_extension/raw_json/hd_inventory_text_raw.json,processed,43356,3e5a543904738d882fe836eda7d2b3f01b3ca74dee030aa37e0090af1d77d166,2026-06-02T03:44:20.294536+00:00
data/processed/llm_outputs/gemma4_31b_extension/raw_json/hd_inventory_xbrl_raw.json,processed,59200,ba4839d2f2d946f0ea8ecdbcc488ee9ffd7c570b6809b2b8b0deaee10e371621,2026-06-02T03:44:20.294536+00:00
data/processed/llm_outputs/gemma4_31b_extension/raw_json/hd_revenue_hybrid_raw.json,processed,59642,eb51f5ef7575250b59e5f91bae2e95735d6ed824c200268d06cbaeeaacd603c1,2026-06-02T03:44:20.294536+00:00
data/processed/llm_outputs/gemma4_31b_extension/raw_json/hd_revenue_llm_only_raw.json,processed,8480,857ce3b15fe5c241b2936841f532e9a8833e35b88fb796091e892b77593aa411,2026-06-02T03:44:20.294536+00:00
data/processed/llm_outputs/gemma4_31b_extension/raw_json/hd_revenue_text_raw.json,processed,42434,7dbd47efc25ee1b783246fe733bb10d72c895ba413d8a26d035ed907fad7ea52,2026-06-02T03:44:20.294536+00:00
data/processed/llm_outputs/gemma4_31b_extension/raw_json/hd_revenue_xbrl_raw.json,processed,67317,3a42892ead35bd477b92683b19ce0ac228a938e81c93d1e58bce8f926ff47c94,2026-06-02T03:44:20.294536+00:00
data/processed/llm_outputs/gemma4_31b_extension/raw_json/msft_inventory_hybrid_raw.json,processed,40513,c7730b4101d009f95b6dd6a3b43f886f137c4dfa834d5046fef2efb7778cc5a8,2026-06-02T03:44:20.294536+00:00
data/processed/llm_outputs/gemma4_31b_extension/raw_json/msft_inventory_llm_only_raw.json,processed,8538,7370b0d29cf6a3e65940545415da34b0bd9fb7b6a222659cf3a4e0bda8343688,2026-06-02T03:44:20.294536+00:00
data/processed/llm_outputs/gemma4_31b_extension/raw_json/msft_inventory_text_raw.json,processed,35893,04b174b76dcdddd841a5cf6308d45a21af8bae569839fbcca4f0bca47fed87dd,2026-06-02T03:44:20.294536+00:00
data/processed/llm_outputs/gemma4_31b_extension/raw_json/msft_inventory_xbrl_raw.json,processed,50629,2283114dddda23b0d740a68fd6c736c242188257330118f362e84348454c9d7d,2026-06-02T03:44:20.294536+00:00
data/processed/llm_outputs/gemma4_31b_extension/raw_json/msft_revenue_hybrid_raw.json,processed,47948,b9ae8f2af3cf62f6e5d17dfaf51317cf6b7b45d5f863316f9cc8a63a9f1e2793,2026-06-02T03:44:20.294536+00:00
data/processed/llm_outputs/gemma4_31b_extension/raw_json/msft_revenue_llm_only_raw.json,processed,8600,a744684bd2f6a33bc01fd804278130690a0a4cc7dd349aecd5aaeaba5fb6110e,2026-06-02T03:44:20.294536+00:00
data/processed/llm_outputs/gemma4_31b_extension/raw_json/msft_revenue_text_raw.json,processed,37848,f3bafc6a6b639c34d939554adfeedbb956013ed9d6cf64baf8fa80fce63d842e,2026-06-02T03:44:20.294536+00:00
data/processed/llm_outputs/gemma4_31b_extension/raw_json/msft_revenue_xbrl_raw.json,processed,44373,302b3bfa01e6f25ab95611c087c95c43432cc26a10d57a783f9fa7e7a5d95a58,2026-06-02T03:44:20.294536+00:00
data/processed/llm_outputs/gemma4_31b_extension/raw_json/pfe_inventory_hybrid_raw.json,processed,58151,5269b86bfc66dbf4d9aedab8ae55c9ef45281e1e273edac4908396c2a889acda,2026-06-02T03:44:20.294536+00:00
data/processed/llm_outputs/gemma4_31b_extension/raw_json/pfe_inventory_llm_only_raw.json,processed,8534,3fbe659a1cd765fd728a531382ba261410a3e078b17d9667cc527871e53ac5f4,2026-06-02T03:44:20.294536+00:00
data/processed/llm_outputs/gemma4_31b_extension/raw_json/pfe_inventory_text_raw.json,processed,46009,e08d8a5132ba38f4b2a7e4dba90e7b5c38598b60627d206fc5c475a5b531afbf,2026-06-02T03:44:20.294536+00:00
data/processed/llm_outputs/gemma4_31b_extension/raw_json/pfe_inventory_xbrl_raw.json,processed,64439,4ee810bc88a3293bf1366b5a46ade55077418e4bcd04be24c87c658dbfd57568,2026-06-02T03:44:20.294536+00:00
data/processed/llm_outputs/gemma4_31b_extension/raw_json/pfe_revenue_hybrid_raw.json,processed,61577,531ff5aadf1cdea0ca95c9af4986ec6dc787fcc5ce3047f2ff059cbbaed962d0,2026-06-02T03:44:20.294536+00:00
data/processed/llm_outputs/gemma4_31b_extension/raw_json/pfe_revenue_llm_only_raw.json,processed,8403,094f3003fe09e4d08c8275c02cc8d5f645a323c8f6bcf0923516bb9285111835,2026-06-02T03:44:20.294536+00:00
data/processed/llm_outputs/gemma4_31b_extension/raw_json/pfe_revenue_text_raw.json,processed,49217,535b73d34339ee11a6c33e4fa02d50ef4d85367e673268aff9c2fdd3a650dd48,2026-06-02T03:44:20.294536+00:00
data/processed/llm_outputs/gemma4_31b_extension/raw_json/pfe_revenue_xbrl_raw.json,processed,95021,e763458ab7ea4e4916a695eda23279431ce431e8205077b3838f926368f90ebf,2026-06-02T03:44:20.294536+00:00
data/processed/llm_outputs/gemma4_31b_extension/raw_json/wmt_inventory_hybrid_raw.json,processed,52044,0542c4894f57226f2cf863332afaf5d5e569cdb3302426d9a42096f659b99ec8,2026-06-02T03:44:20.294536+00:00
data/processed/llm_outputs/gemma4_31b_extension/raw_json/wmt_inventory_llm_only_raw.json,processed,8535,b3177d10b636874e189e27ba1119d8a220e4b38fdf3cc42be9456220fca722ea,2026-06-02T03:44:20.294536+00:00
data/processed/llm_outputs/gemma4_31b_extension/raw_json/wmt_inventory_text_raw.json,processed,41398,9feacb9c6bfe55815f65e054ea2f8f2e871718106752ce1bd07cc400279df290,2026-06-02T03:44:20.294536+00:00
data/processed/llm_outputs/gemma4_31b_extension/raw_json/wmt_inventory_xbrl_raw.json,processed,71887,61aef2c827173afd14777d6b40887e84a5470914b97a865a5ecb86909299ac70,2026-06-02T03:44:20.294536+00:00
data/processed/llm_outputs/gemma4_31b_extension/raw_json/wmt_revenue_hybrid_raw.json,processed,69605,cd780dc7a294c79b4acec8f92bced284d8da1eeedc77095c98108838f2f08bbe,2026-06-02T03:44:20.294536+00:00
data/processed/llm_outputs/gemma4_31b_extension/raw_json/wmt_revenue_llm_only_raw.json,processed,8598,a238ed11ffdca810e83ba8cf741ff15f3324053beb5db9ec369859ee4cd10bfd,2026-06-02T03:44:20.294536+00:00
data/processed/llm_outputs/gemma4_31b_extension/raw_json/wmt_revenue_text_raw.json,processed,44601,4a656be6256fde327bd59757f0320aed8444cd0915e9da02de69aaca7179a8bf,2026-06-02T03:44:20.294536+00:00
data/processed/llm_outputs/gemma4_31b_extension/raw_json/wmt_revenue_xbrl_raw.json,processed,95865,64fe86f0a4e5aa62ea0b4f2d3b51cd82b4364a0cd3b2224e1baec158aaa1819d,2026-06-02T03:44:20.294536+00:00
data/processed/llm_outputs/gemma4_31b_extension/run_manifest.csv,processed,23384,960d07b702d6367a6431bbb4b8b08f8adfee22b1ad12dec06eb9d119e94b8abc,2026-06-02T03:44:20.294536+00:00
data/processed/llm_outputs/gemma4_31b_extension/run_summary.md,processed,272,d172d207e85fe6c97d13bbe527c24c0d04766e96694f541c611bd62fae664ccf,2026-06-02T03:44:20.294536+00:00
data/processed/llm_outputs/gemma4_31b_extension/text/cat_inventory_hybrid_output.txt,processed,2196,c0c13731f0ddf52cbf5d653799f55c4e55ef86724ab6af17030cdd357f760eba,2026-06-02T03:44:20.294536+00:00
data/processed/llm_outputs/gemma4_31b_extension/text/cat_inventory_llm_only_output.txt,processed,184,e8ffb6cda9543edcb8a551e62c2731d442cb54e60e9d9d391bdb990f92bbc8d2,2026-06-02T03:44:20.294536+00:00
data/processed/llm_outputs/gemma4_31b_extension/text/cat_inventory_text_output.txt,processed,2330,2c8afd20e078f373bf9447abbc74a2e431e41588ec0690e488e2a4873acbb795,2026-06-02T03:44:20.294536+00:00
data/processed/llm_outputs/gemma4_31b_extension/text/cat_inventory_xbrl_output.txt,processed,2393,752da766e2313350b0a67754cc78ed36507539158e879ae873bdd379dc7becf0,2026-06-02T03:44:20.294536+00:00
data/processed/llm_outputs/gemma4_31b_extension/text/cat_revenue_hybrid_output.txt,processed,2382,bb3437c51ecf026aa2a67d0fbccce7e47512d29f62da10d1e5129b7f460a19ad,2026-06-02T03:44:20.294536+00:00
data/processed/llm_outputs/gemma4_31b_extension/text/cat_revenue_llm_only_output.txt,processed,184,8e447b44003ed0ef7ad9d7f22a92eb7875fdbf946cd0206c703098b47f18fdca,2026-06-02T03:44:20.294536+00:00
data/processed/llm_outputs/gemma4_31b_extension/text/cat_revenue_text_output.txt,processed,2708,1008370bb5bd52d943a15d72966e54804f3474f45f4c67f2d722049355d2de03,2026-06-02T03:44:20.294536+00:00
data/processed/llm_outputs/gemma4_31b_extension/text/cat_revenue_xbrl_output.txt,processed,2238,0f18dbf81abeb6bcdff662f040a479590261ef5c1af93dd5c964aa339addccd8,2026-06-02T03:44:20.294536+00:00
data/processed/llm_outputs/gemma4_31b_extension/text/crox_inventory_hybrid_output.txt,processed,2543,8e224d4e84dd8ab9a7d95efdcf40dff6bb4023a0d65d39f2af474151f3d466f0,2026-06-02T03:44:20.294536+00:00
data/processed/llm_outputs/gemma4_31b_extension/text/crox_inventory_llm_only_output.txt,processed,179,36d86a9be5d29a0cc488d78844a8331183294a91878a3d3dbecf3b82bcb4ab27,2026-06-02T03:44:20.294536+00:00
data/processed/llm_outputs/gemma4_31b_extension/text/crox_inventory_text_output.txt,processed,2850,9efa308985a74db492f2e6620740ae7212086a58d9c81218cfae451739a382ff,2026-06-02T03:44:20.294536+00:00
data/processed/llm_outputs/gemma4_31b_extension/text/crox_inventory_xbrl_output.txt,processed,2531,57539b45fcb2e38b96fc3d4497a90d9f7c05b1d9a8806b44022d3c0a3e424524,2026-06-02T03:44:20.294536+00:00
data/processed/llm_outputs/gemma4_31b_extension/text/crox_revenue_hybrid_output.txt,processed,2752,8501132bf607e005b9ca20b8de34c6224c375f66f1ef75f2d13e96eee5ddc231,2026-06-02T03:44:20.294536+00:00
data/processed/llm_outputs/gemma4_31b_extension/text/crox_revenue_llm_only_output.txt,processed,191,4e61a92863ceb7196c96afa6f3812b9ccddab6e5a7a09ba27045031cc0dcd799,2026-06-02T03:44:20.294536+00:00
data/processed/llm_outputs/gemma4_31b_extension/text/crox_revenue_text_output.txt,processed,2547,0d1d62ba3c1af3b33babf540456494ba09f60a3d641134e99de8a078447e69a2,2026-06-02T03:44:20.294536+00:00
data/processed/llm_outputs/gemma4_31b_extension/text/crox_revenue_xbrl_output.txt,processed,2505,ccc2d165adc52bb029048eb8310e15f84e96133e0ae53e4563e2fd344abf2993,2026-06-02T03:44:20.294536+00:00
data/processed/llm_outputs/gemma4_31b_extension/text/hd_inventory_hybrid_output.txt,processed,3180,5415b1d16f654d3937703e901808489d03afadd50740098b7e0161d232ef8538,2026-06-02T03:44:20.294536+00:00
data/processed/llm_outputs/gemma4_31b_extension/text/hd_inventory_llm_only_output.txt,processed,184,3a0302090bf88465db110763c0bf4589c0a4c710502a1b792fc26fbe6780aeb6,2026-06-02T03:44:20.294536+00:00
data/processed/llm_outputs/gemma4_31b_extension/text/hd_inventory_text_output.txt,processed,3060,5a58d9e5cb2e91eda0624109b1e4e89c6c5998a92639e7a5a6cae7cf9a11093b,2026-06-02T03:44:20.294536+00:00
data/processed/llm_outputs/gemma4_31b_extension/text/hd_inventory_xbrl_output.txt,processed,2441,b15abb74ba2146a34ce9753d0850aa6f8aed576e5a584541ef68481c2f4236e6,2026-06-02T03:44:20.294536+00:00
data/processed/llm_outputs/gemma4_31b_extension/text/hd_revenue_hybrid_output.txt,processed,2444,b385ceb430de81b590e47d2347331e7096ecdb6095e2dcd993f9aac48e054122,2026-06-02T03:44:20.294536+00:00
data/processed/llm_outputs/gemma4_31b_extension/text/hd_revenue_llm_only_output.txt,processed,184,cd7b9ae5c5373927e6d9ae1b99dc3147673644fd968e2d4067a59728fb6f246e,2026-06-02T03:44:20.294536+00:00
data/processed/llm_outputs/gemma4_31b_extension/text/hd_revenue_text_output.txt,processed,3056,23b88df7ab7177bca493f6c2792ec4f39c919ece3df8e30141fd05da7ced7ff1,2026-06-02T03:44:20.294536+00:00
data/processed/llm_outputs/gemma4_31b_extension/text/hd_revenue_xbrl_output.txt,processed,2462,a0f7ee7ef9d92e9ec1de19b9b1703d391e23de9b7d6bc1d4a77f1ea0507f4778,2026-06-02T03:44:20.294536+00:00
data/processed/llm_outputs/gemma4_31b_extension/text/msft_inventory_hybrid_output.txt,processed,1975,a002a43a7e48bbb2b75eaced49511c38b7f6d82e4210f48f404846c2c4d810c4,2026-06-02T03:44:20.294536+00:00
data/processed/llm_outputs/gemma4_31b_extension/text/msft_inventory_llm_only_output.txt,processed,183,b87bb224bed223a61499206d3eb54d0cbbacc67590ccd325a3df92d57818e656,2026-06-02T03:44:20.294536+00:00
data/processed/llm_outputs/gemma4_31b_extension/text/msft_inventory_text_output.txt,processed,2775,d2d062b3d9d69a44b373430c56144d8cc970b32f8191004246771eb974e60b39,2026-06-02T03:44:20.294536+00:00
data/processed/llm_outputs/gemma4_31b_extension/text/msft_inventory_xbrl_output.txt,processed,2125,a08dbdc45c2dcdd6f05889ace6b3ca4e25d3a9ec49aec10cb47f6e2dc653d8d7,2026-06-02T03:44:20.294536+00:00
data/processed/llm_outputs/gemma4_31b_extension/text/msft_revenue_hybrid_output.txt,processed,2900,97c0aa280d9be3afd38bf62d2ec1e3d8644dc654c18aeed83fa7947ee729e7da,2026-06-02T03:44:20.294536+00:00
data/processed/llm_outputs/gemma4_31b_extension/text/msft_revenue_llm_only_output.txt,processed,183,c63cca4d1e755bb633541b11b3ef84ef29502ac8ce41e717db8774631b0e8767,2026-06-02T03:44:20.294536+00:00
data/processed/llm_outputs/gemma4_31b_extension/text/msft_revenue_text_output.txt,processed,2616,d6c75934ab87c60ffbcb6f84d25c282672c39650d08188edfc501562fdfd3338,2026-06-02T03:44:20.294536+00:00
data/processed/llm_outputs/gemma4_31b_extension/text/msft_revenue_xbrl_output.txt,processed,2029,8b97928ec17862f604de0ac6242a096b0fb09882a5dcc1e201417b3d79e31549,2026-06-02T03:44:20.294536+00:00
data/processed/llm_outputs/gemma4_31b_extension/text/pfe_inventory_hybrid_output.txt,processed,2752,6b816f135faf63a266dc8c65fbe82fac3b7ecac07e4d1f591a60ee308be62a1d,2026-06-02T03:44:20.294536+00:00
data/processed/llm_outputs/gemma4_31b_extension/text/pfe_inventory_llm_only_output.txt,processed,179,f261416d474a3c52923ac28e599ace7dad736cfb0247d5caca0344369079edde,2026-06-02T03:44:20.294536+00:00
data/processed/llm_outputs/gemma4_31b_extension/text/pfe_inventory_text_output.txt,processed,2895,6af2ff50676296df94139b318fef54fe13094d965312db5b48c0a99ae365a3db,2026-06-02T03:44:20.294536+00:00
data/processed/llm_outputs/gemma4_31b_extension/text/pfe_inventory_xbrl_output.txt,processed,2562,268e0eaea7ce9a742e5af07b71b66dacf93c43286b0981b79883974832fb6b5a,2026-06-02T03:44:20.294536+00:00
data/processed/llm_outputs/gemma4_31b_extension/text/pfe_revenue_hybrid_output.txt,processed,2799,3d65e2f1213d35f1d59d1d4358fa943b9e6f2a3f0a7ab4d35dacbb41a244ea1c,2026-06-02T03:44:20.294536+00:00
data/processed/llm_outputs/gemma4_31b_extension/text/pfe_revenue_llm_only_output.txt,processed,179,138082e1bd9353870779f8b77d274fcebf44a0b2e185b5f479e369fd8770b2c9,2026-06-02T03:44:20.294536+00:00
data/processed/llm_outputs/gemma4_31b_extension/text/pfe_revenue_text_output.txt,processed,2811,064246597c25f9f4f972c9fcd422b486680a94806cbaaa58676da28c25e78828,2026-06-02T03:44:20.294536+00:00
data/processed/llm_outputs/gemma4_31b_extension/text/pfe_revenue_xbrl_output.txt,processed,2459,20bde3c00b5bad1d02fb9074bb31283cf482b1d066d982265390e13745be95f7,2026-06-02T03:44:20.294536+00:00
data/processed/llm_outputs/gemma4_31b_extension/text/wmt_inventory_hybrid_output.txt,processed,2594,d0d01c82bfd33d660d9e47d4103c41243a828cd9f4df2971e7caf898a814ecb8,2026-06-02T03:44:20.294536+00:00
data/processed/llm_outputs/gemma4_31b_extension/text/wmt_inventory_llm_only_output.txt,processed,180,7b3719a7f56b7e029e1ef85f459c4cfef32bc800db38deca9897d6c2c2b7ac9e,2026-06-02T03:44:20.294536+00:00
data/processed/llm_outputs/gemma4_31b_extension/text/wmt_inventory_text_output.txt,processed,3016,25c15fcf1ff2f29a9015f8a20450af64e30af26c66a8f00024023bece7d1cdd4,2026-06-02T03:44:20.294536+00:00
data/processed/llm_outputs/gemma4_31b_extension/text/wmt_inventory_xbrl_output.txt,processed,2349,3f831ed7a0019f61bf0d9d49414ebf271a8c068152f9d4b4045271c62d9a7542,2026-06-02T03:44:20.294536+00:00
data/processed/llm_outputs/gemma4_31b_extension/text/wmt_revenue_hybrid_output.txt,processed,3070,7359ba8b76d6151500afa77adbecde4830cb90ce740e51c0a1ff55f43bc5dc5e,2026-06-02T03:44:20.294536+00:00
data/processed/llm_outputs/gemma4_31b_extension/text/wmt_revenue_llm_only_output.txt,processed,180,e6677cb59ec9b7e0e10b41a5bd7c7575a5071c9dcf948e7734e8836e8f88da13,2026-06-02T03:44:20.294536+00:00
data/processed/llm_outputs/gemma4_31b_extension/text/wmt_revenue_text_output.txt,processed,2643,16befeb76f9b012bb3ed15c52e0bb87bbb56b5433d2d98b62ba35cb0ad86b9e4,2026-06-02T03:44:20.294536+00:00
data/processed/llm_outputs/gemma4_31b_extension/text/wmt_revenue_xbrl_output.txt,processed,2220,5e4d78773607c0820cd4945b1099530ab25c7dfb363fd2332df6ca9a75057250,2026-06-02T03:44:20.294536+00:00
data/processed/llm_outputs/gemma4_31b_extension_dryrun/run_manifest_dry_run.csv,processed,8930,33971b1ba74a66844cecf448c793892036db2edc346ead92ce5cd0218ae6f63c,2026-06-02T03:44:20.294536+00:00
data/processed/llm_outputs/gemma4_31b_extension_dryrun/run_summary_dry_run.md,processed,262,5978f632b135085aca3fa68ed412eb6bd1ef7d1fcdef3c51f6b4b64583df758a,2026-06-02T03:44:20.294536+00:00
data/processed/llm_outputs/gemma4_31b_full/raw_json/nke_inventory_hybrid_raw.json,processed,55426,39627dc00d93b1c832dfdfe231896d32bb2b466dec9fbd2bf36d87c7042f96f0,2026-06-02T03:44:20.294536+00:00
data/processed/llm_outputs/gemma4_31b_full/raw_json/nke_inventory_llm_only_raw.json,processed,8546,60804dc69b771ee016ac4e438bed7aa48f5441a318ebce1655eef837e92cc377,2026-06-02T03:44:20.294536+00:00
data/processed/llm_outputs/gemma4_31b_full/raw_json/nke_inventory_text_raw.json,processed,37224,ccf9aeb36e34a6f24f93cc593ea312bbc56ec76f4a65b22af2a02efe1821a288,2026-06-02T03:44:20.294536+00:00
data/processed/llm_outputs/gemma4_31b_full/raw_json/nke_inventory_xbrl_raw.json,processed,65638,a17b7e45da312529b2eb7ce35ab6a5e9173ece4c4258c7bae8d7d9f01961633f,2026-06-02T03:44:20.294536+00:00
data/processed/llm_outputs/gemma4_31b_full/raw_json/nke_revenue_hybrid_raw.json,processed,60257,7a9a28619301e7c66f85e3520aaa0103609ecf0e0451b7e23aa74662c5fcb77b,2026-06-02T03:44:20.294536+00:00
data/processed/llm_outputs/gemma4_31b_full/raw_json/nke_revenue_llm_only_raw.json,processed,8441,7b4bb279f54f94287ccf68b3f3db3f6220f3fce2d6a94fd9942f3e477557c06a,2026-06-02T03:44:20.294536+00:00
data/processed/llm_outputs/gemma4_31b_full/raw_json/nke_revenue_text_raw.json,processed,42790,93fd6d28d63960568419e327c0b329a3fb7785d02bf5b7b4e268e52254e30f79,2026-06-02T03:44:20.294536+00:00
data/processed/llm_outputs/gemma4_31b_full/raw_json/nke_revenue_xbrl_raw.json,processed,65934,ed8dfbc3834fd94937c7bd67d0a09886bf08622dd03475d540d59dac073e24e4,2026-06-02T03:44:20.294536+00:00
data/processed/llm_outputs/gemma4_31b_full/raw_json/sbux_inventory_hybrid_raw.json,processed,50026,6932b975e777af791c30f4e9fd4afffbf2e221e0b501d1d5e511309a85bfd1bb,2026-06-02T03:44:20.294536+00:00
data/processed/llm_outputs/gemma4_31b_full/raw_json/sbux_inventory_llm_only_raw.json,processed,8456,4c04c2387c77cb0b4196da4e8fc7a87ac0a6e65cafddf0279af92987d26912ff,2026-06-02T03:44:20.294536+00:00
data/processed/llm_outputs/gemma4_31b_full/raw_json/sbux_inventory_text_raw.json,processed,41643,c742c7f7bff327388fd96d43fa348e8d84e3a6b53748ef602a0743505ea209c9,2026-06-02T03:44:20.294536+00:00
data/processed/llm_outputs/gemma4_31b_full/raw_json/sbux_inventory_xbrl_raw.json,processed,59535,4379b752740c3a53ade90570f88127d5d2b4bbb8025664339666f1434dc4086e,2026-06-02T03:44:20.294536+00:00
data/processed/llm_outputs/gemma4_31b_full/raw_json/sbux_revenue_hybrid_raw.json,processed,62125,c16fa3ea8daef225e3425a74ee4a3131a4e85c22224eacfb1a78a191a15003de,2026-06-02T03:44:20.294536+00:00
data/processed/llm_outputs/gemma4_31b_full/raw_json/sbux_revenue_llm_only_raw.json,processed,8392,6a9106c1b3ac2bece57461fb929c6940115b719f81eea010fcb2c0b137a033b0,2026-06-02T03:44:20.294536+00:00
data/processed/llm_outputs/gemma4_31b_full/raw_json/sbux_revenue_text_raw.json,processed,41799,2e9f6fe59c6fe78359a5fae26eb3cb32ed91ef4ad535fc45ada2d4fa86c1697c,2026-06-02T03:44:20.294536+00:00
data/processed/llm_outputs/gemma4_31b_full/raw_json/sbux_revenue_xbrl_raw.json,processed,65266,bb4b0b11b9b6f47a16bf375bc05f791b036b89a022f334659fc16419d37862ec,2026-06-02T03:44:20.294536+00:00
data/processed/llm_outputs/gemma4_31b_full/raw_json/tgt_inventory_hybrid_raw.json,processed,51708,20266ceb51a6fde136591709ce32d3d169ca59cab70deb439fda098bb8f8eaa7,2026-06-02T03:44:20.294536+00:00
data/processed/llm_outputs/gemma4_31b_full/raw_json/tgt_inventory_llm_only_raw.json,processed,8442,69ebccc0f90f099005b09c5a95e9f5bcd9b7cb17cd8166af68e2114db0f9597c,2026-06-02T03:44:20.294536+00:00
data/processed/llm_outputs/gemma4_31b_full/raw_json/tgt_inventory_text_raw.json,processed,41831,e24ccfe6f38a09585a38aa783fe3ff2d8bd7b50969ba1d11a3d8024616939ed8,2026-06-02T03:44:20.294536+00:00
data/processed/llm_outputs/gemma4_31b_full/raw_json/tgt_inventory_xbrl_raw.json,processed,86273,2e220f6910585a59d1823baad4b316ef71b003789b4ef2d60c83209265c726b1,2026-06-02T03:44:20.294536+00:00
data/processed/llm_outputs/gemma4_31b_full/raw_json/tgt_revenue_hybrid_raw.json,processed,55556,7705edd820b66fef99910a643ec097b5beedb00a1b5d910ff2b56bba48bc5dc3,2026-06-02T03:44:20.294536+00:00
data/processed/llm_outputs/gemma4_31b_full/raw_json/tgt_revenue_llm_only_raw.json,processed,8337,0e35214ffbff9808658d1583fc85aee6cdbdc80c21b08fcebaa859e932b9417a,2026-06-02T03:44:20.294536+00:00
data/processed/llm_outputs/gemma4_31b_full/raw_json/tgt_revenue_text_raw.json,processed,38135,6a5f6044973750fbf09811896d63e7fcb8bca03c27b6c1db22f0236873169ae5,2026-06-02T03:44:20.294536+00:00
data/processed/llm_outputs/gemma4_31b_full/raw_json/tgt_revenue_xbrl_raw.json,processed,60611,b91932ed1ffc6354166255a47318ad22b807bbed3f51a718d033a11e875a3ffc,2026-06-02T03:44:20.294536+00:00
data/processed/llm_outputs/gemma4_31b_full/run_manifest.csv,processed,11040,ef16e9a39c78779c81dfad705f1a0da66ebfe58e8ac5f9fb8fb36f08b1f01a92,2026-06-02T03:44:20.294536+00:00
data/processed/llm_outputs/gemma4_31b_full/run_summary.md,processed,265,f6750d76864852a0f2d1e0d01a4350f80a851e5143fb9539750e48cba5f29b13,2026-06-02T03:44:20.294536+00:00
data/processed/llm_outputs/gemma4_31b_full/text/nke_inventory_hybrid_output.txt,processed,2837,c6d268f5654e18b1e689a491634c3dfa1bb305161b149aa8066c497ec7474874,2026-06-02T03:44:20.294536+00:00
data/processed/llm_outputs/gemma4_31b_full/text/nke_inventory_llm_only_output.txt,processed,188,9d107707e30f096b3f26080c5d9327cdb9ceeb4438279da49a09ad53a18b4d4b,2026-06-02T03:44:20.294536+00:00
data/processed/llm_outputs/gemma4_31b_full/text/nke_inventory_text_output.txt,processed,2291,9e659f4d3fdecf4d03ec0893f019c58f4112a444c1580d6147ec7cc74ea5c6b6,2026-06-02T03:44:20.294536+00:00
data/processed/llm_outputs/gemma4_31b_full/text/nke_inventory_xbrl_output.txt,processed,2328,fb9e6d28941fd1cd6c50dbf3e214c1bdeb04ec506e468480050af2b1fbfc6ee4,2026-06-02T03:44:20.294536+00:00
data/processed/llm_outputs/gemma4_31b_full/text/nke_revenue_hybrid_output.txt,processed,2612,b4b0f9f0d60d67c5daff1c550c6ef730de4da39ba31734e771b50ec2e6447da8,2026-06-02T03:44:20.294536+00:00
data/processed/llm_outputs/gemma4_31b_full/text/nke_revenue_llm_only_output.txt,processed,178,64490399ff8141390f2f5769ef9723fad8dad8fb35b0f54b37af02c4c70d6226,2026-06-02T03:44:20.294536+00:00
data/processed/llm_outputs/gemma4_31b_full/text/nke_revenue_text_output.txt,processed,2951,aa46eb4701cdf7f28ffb23bf95d4b0584c916fa41a9f85536a7e799fb824daef,2026-06-02T03:44:20.294536+00:00
data/processed/llm_outputs/gemma4_31b_full/text/nke_revenue_xbrl_output.txt,processed,2434,d262ec67bd3949c2a67650af709a7285c23e166a5915543c07fc3148b2509e7c,2026-06-02T03:44:20.294536+00:00
data/processed/llm_outputs/gemma4_31b_full/text/sbux_inventory_hybrid_output.txt,processed,2557,4f3cfa950d3a3cd47a68b31ccefcd1f06e75ee3f76374b0d3f8850606b68e26a,2026-06-02T03:44:20.294536+00:00
data/processed/llm_outputs/gemma4_31b_full/text/sbux_inventory_llm_only_output.txt,processed,164,875b0cd8d0700545aa404a8da590c79e2919da118eadd2ae88e1189a77f99a1e,2026-06-02T03:44:20.294536+00:00
data/processed/llm_outputs/gemma4_31b_full/text/sbux_inventory_text_output.txt,processed,2535,28cd8305f14a98540c14efef5e2ed3eeb73ba7e79ed2d68497971d8ac354b197,2026-06-02T03:44:20.294536+00:00
data/processed/llm_outputs/gemma4_31b_full/text/sbux_inventory_xbrl_output.txt,processed,2613,0a9bfaf6f98d65a2df0fba7d86839602a86598e7f8331ccce66e5f0279a377e0,2026-06-02T03:44:20.294536+00:00
data/processed/llm_outputs/gemma4_31b_full/text/sbux_revenue_hybrid_output.txt,processed,2917,c90381cf6c4308fd0cef8544104e153d9672f90b9c2b6bd3cce0094869227638,2026-06-02T03:44:20.294536+00:00
data/processed/llm_outputs/gemma4_31b_full/text/sbux_revenue_llm_only_output.txt,processed,189,6b995050ec06b5519bfcd92ab4c83a811ea81eb68a92138f9fc916f4ac629c1f,2026-06-02T03:44:20.294536+00:00
data/processed/llm_outputs/gemma4_31b_full/text/sbux_revenue_text_output.txt,processed,2617,261e5322adbdbe3cc690a8b3793e1d1ae6fa34853ff459b561c309a7580fd9cc,2026-06-02T03:44:20.294536+00:00
data/processed/llm_outputs/gemma4_31b_full/text/sbux_revenue_xbrl_output.txt,processed,3143,c5df9672135cbe378fe3c31e58a57000de5696531c1e1263da1c42ddb9eb4995,2026-06-02T03:44:20.294536+00:00
data/processed/llm_outputs/gemma4_31b_full/text/tgt_inventory_hybrid_output.txt,processed,2545,d9c90a54792e7404396b55471636bf5d0d4e8a3320e9a5a1008eb6dea65f801b,2026-06-02T03:44:20.294536+00:00
data/processed/llm_outputs/gemma4_31b_full/text/tgt_inventory_llm_only_output.txt,processed,161,032b4536f425371ad6557b094226f3244c11efa6f8c65d76901fab903ea78ef9,2026-06-02T03:44:20.294536+00:00
data/processed/llm_outputs/gemma4_31b_full/text/tgt_inventory_text_output.txt,processed,2905,5714e8b5337abf545d1252e821701fc4910b93375d823927e0f1c74c21625e09,2026-06-02T03:44:20.294536+00:00
data/processed/llm_outputs/gemma4_31b_full/text/tgt_inventory_xbrl_output.txt,processed,2317,ee392e5f762358a4ccddbe1d7c38f988937fa9a75a6d3abab2c9efaae76f3a00,2026-06-02T03:44:20.294536+00:00
data/processed/llm_outputs/gemma4_31b_full/text/tgt_revenue_hybrid_output.txt,processed,2358,00607f7173c605e2aa3c7344e73b186cbd3ff58abea0ab61edf55892877178a6,2026-06-02T03:44:20.294536+00:00
data/processed/llm_outputs/gemma4_31b_full/text/tgt_revenue_llm_only_output.txt,processed,161,cfd0aa0fb2ec0970d28e7521a39736193c0d094600ede687a9872ca262f997cb,2026-06-02T03:44:20.294536+00:00
data/processed/llm_outputs/gemma4_31b_full/text/tgt_revenue_text_output.txt,processed,2789,6c6e20cf18c8f5c6fc8b256d3d849e4f6fc8fd55a217325336b217411eed5fcb,2026-06-02T03:44:20.294536+00:00
data/processed/llm_outputs/gemma4_31b_full/text/tgt_revenue_xbrl_output.txt,processed,2497,4cd1f19be56482c5d15aab530a113004120b3de04ed9a49495a15d285990a43c,2026-06-02T03:44:20.294536+00:00
data/processed/llm_outputs/gemma4_31b_full_process.err,processed,0,e3b0c44298fc1c149afbf4c8996fb92427ae41e4649b934ca495991b7852b855,2026-06-02T03:44:20.294536+00:00
data/processed/llm_outputs/gemma4_31b_full_process.log,processed,908,056ee231525e1b5f8bf54d92a8a577130addc264ea8a730f4cd414247081d4cc,2026-06-02T03:44:20.294536+00:00
data/processed/llm_outputs/gemma4_31b_smoke/raw_json/nke_revenue_hybrid_raw.json,processed,50584,4d7a8324a9bc53e37832c3e2ae193d0ddf3a22bf6dad30216e75d16da79776e3,2026-06-02T03:44:20.294536+00:00
data/processed/llm_outputs/gemma4_31b_smoke/raw_json/nke_revenue_llm_only_raw.json,processed,6997,938ceefe4db7309d32740ba7ba1a6ad09d852752bc12b8311fa340e1e0e92924,2026-06-02T03:44:20.294536+00:00
data/processed/llm_outputs/gemma4_31b_smoke/raw_json/nke_revenue_text_raw.json,processed,43361,0a78b7b5b3f168dd3ce8a7c5bb19e6860e28ba5e2c01cb905c01afd4b9d613af,2026-06-02T03:44:20.294536+00:00
data/processed/llm_outputs/gemma4_31b_smoke/raw_json/nke_revenue_xbrl_raw.json,processed,54290,2731ed2c813fbe4db08ad023958cdcaaade5e4d24d4e23043b33056a487c18bf,2026-06-02T03:44:20.294536+00:00
data/processed/llm_outputs/gemma4_31b_smoke/run_manifest.csv,processed,1978,e29a89cc20f35b251688287d4c2cc9ba727d245509e83aa72feb64eb6cbabbb9,2026-06-02T03:44:20.294536+00:00
data/processed/llm_outputs/gemma4_31b_smoke/run_summary.md,processed,263,9e266d3184a945621861051c2e51ec841eae996fef233e8b8feb3ae59239c3eb,2026-06-02T03:44:20.294536+00:00
data/processed/llm_outputs/gemma4_31b_smoke/text/nke_revenue_hybrid_output.txt,processed,1668,33e4e3ee9dd1753dd16c56ceb4c754eca503f8cc7e492769e3f3d46af08d02a2,2026-06-02T03:44:20.294536+00:00
data/processed/llm_outputs/gemma4_31b_smoke/text/nke_revenue_llm_only_output.txt,processed,178,64490399ff8141390f2f5769ef9723fad8dad8fb35b0f54b37af02c4c70d6226,2026-06-02T03:44:20.294536+00:00
data/processed/llm_outputs/gemma4_31b_smoke/text/nke_revenue_text_output.txt,processed,2243,ae4901415a319458e32a797d9ef599080f8124f67a6d0c591469d02059caff67,2026-06-02T03:44:20.294536+00:00
data/processed/llm_outputs/gemma4_31b_smoke/text/nke_revenue_xbrl_output.txt,processed,1735,219dc3bce7310a4cd1bef9f63e58ac24c01b7cadfa343519d4e0be59c15be8cc,2026-06-02T03:44:20.294536+00:00
data/processed/llm_outputs/raw_json/nke_revenue_hybrid_raw.json,processed,49121,16dae0347098801cac373a57065eb7384a5a6737b87caac8e55de2018b97447c,2026-06-02T03:44:20.294536+00:00
data/processed/llm_outputs/raw_json/nke_revenue_llm_only_raw.json,processed,8498,15ff897cc63d10eaac33dd6f157ac1337be61779ec67afaed298e90ab9f2c452,2026-06-02T03:44:20.294536+00:00
data/processed/llm_outputs/raw_json/nke_revenue_text_raw.json,processed,35353,6e9f7cecb5fbd5a2d1278092745ccc15e76ecdf9b590e90058dfb32bf94853c9,2026-06-02T03:44:20.294536+00:00
data/processed/llm_outputs/raw_json/nke_revenue_xbrl_raw.json,processed,56470,5a5d8a28d05abc0d766eb3b27184f22f83212c468558f768abc4ba28377950ac,2026-06-02T03:44:20.294536+00:00
data/processed/llm_outputs/run_manifest.csv,processed,1854,984eb940e6a8ca8ea3b1bdd01d9ee2674b293f0272ba327f719cfda44b22e16e,2026-06-02T03:44:20.294536+00:00
data/processed/llm_outputs/run_manifest_dry_run.csv,processed,10230,c1057323f5186dfe45e1193b70bc9a902e1d67641e712d1600c36530375afbd3,2026-06-02T03:44:20.294536+00:00
data/processed/llm_outputs/run_summary.md,processed,266,d49f6a9b41ea19ec58ce2f2ac77f7549046cfd096a86726d648a6ff6918bade2,2026-06-02T03:44:20.294536+00:00
data/processed/llm_outputs/run_summary_dry_run.md,processed,265,d984f98614c6080e1bca260b9ba7fcaac10628b6e182bf1a5d00c37075cba843,2026-06-02T03:44:20.294536+00:00
data/processed/llm_outputs/text/nke_revenue_hybrid_output.txt,processed,2694,8b19501a551ea16ec9d911890a0ddaf6ca9f5268b1a5e1484f005fe19cae6ab2,2026-06-02T03:44:20.294536+00:00
data/processed/llm_outputs/text/nke_revenue_llm_only_output.txt,processed,386,cd74e1dc50ce96b7a8136c73c731b5998b65d78557366e749bcc6dbd1dbd0e81,2026-06-02T03:44:20.294536+00:00
data/processed/llm_outputs/text/nke_revenue_text_output.txt,processed,3416,b1157e16c39ba5e2b12e13571faec6b98eb36a18535b749345929b327e1b8768,2026-06-02T03:44:20.294536+00:00
data/processed/llm_outputs/text/nke_revenue_xbrl_output.txt,processed,2669,0b155b79ba8df74e08c8fbfbf70acfe62ccb2baadb43cddae9d02c46008ce351,2026-06-02T03:44:20.294536+00:00
data/processed/prompts/cat_inventory_hybrid_prompt.txt,processed,6115,e1f752eb0da5147a0af49e4b8251cbd5c92cce475b5f93647039ff56add80a27,2026-06-02T03:44:20.294536+00:00
data/processed/prompts/cat_inventory_llm_only_prompt.txt,processed,1343,cdd2068dcc348d94e5790ec231f923bd16a5aa857694204ac93a321e1cb21b99,2026-06-02T03:44:20.294536+00:00
data/processed/prompts/cat_inventory_text_prompt.txt,processed,4928,eb0ec54f1afcbe65ec4094b0d44bc7c62fa365fe327e1d3b871e5915d06f258d,2026-06-02T03:44:20.294536+00:00
data/processed/prompts/cat_inventory_xbrl_prompt.txt,processed,6113,25b2884311b6f4ba1ddab0b8d58fc68dc6148e47e316e85991fc6cb147929c4b,2026-06-02T03:44:20.294536+00:00
data/processed/prompts/cat_revenue_hybrid_prompt.txt,processed,8461,fd826cfa0ba43df734a53aed965dd1cf7593d6247b762ea9514541bb9ddca9ef,2026-06-02T03:44:20.294536+00:00
data/processed/prompts/cat_revenue_llm_only_prompt.txt,processed,1349,304ee17e53a5ec36be2751dea4723fb9b4c37cae451fa9b6b2e000c352eb6658,2026-06-02T03:44:20.294536+00:00
data/processed/prompts/cat_revenue_text_prompt.txt,processed,6457,798a1dea2170bee0d0a8545d32054cdff369a93b596951ed5c683cafd735ec83,2026-06-02T03:44:20.294536+00:00
data/processed/prompts/cat_revenue_xbrl_prompt.txt,processed,8212,4d9de63876d84769dd4af56ff7db207444413f71721a0e03c4ac3397c237371f,2026-06-02T03:44:20.294536+00:00
data/processed/prompts/crox_inventory_hybrid_prompt.txt,processed,7319,f69193dd73b2c47823f9c846bbe15319688962ac8eaa874622eb6c4cdb5953ec,2026-06-02T03:44:20.294536+00:00
data/processed/prompts/crox_inventory_llm_only_prompt.txt,processed,1338,509c94f9c4d69a443696f1ddd68578b615faa8f362d58df2fd7fb3935258a346,2026-06-02T03:44:20.294536+00:00
data/processed/prompts/crox_inventory_text_prompt.txt,processed,6191,f171600d6953da0497f7ba5073375cf1168de7e99237fb9f274468c5415ef41a,2026-06-02T03:44:20.294536+00:00
data/processed/prompts/crox_inventory_xbrl_prompt.txt,processed,6877,8efe46a4db58c91531a3e3243c7e7533f78ad6ec6926fa321f6818c460d53e92,2026-06-02T03:44:20.294536+00:00
data/processed/prompts/crox_revenue_hybrid_prompt.txt,processed,9486,494760a549d6cc0208458365fb0fd0bf00048f4b15ad104671c248f2c892631d,2026-06-02T03:44:20.294536+00:00
data/processed/prompts/crox_revenue_llm_only_prompt.txt,processed,1344,c4dbac77da839da130975146089d55a11bafc7d4bc7c80cb453303aa6fe779c7,2026-06-02T03:44:20.294536+00:00
data/processed/prompts/crox_revenue_text_prompt.txt,processed,6162,8366ff053c6f7061790ead66788300f2ec37105e632fd7b1e4c4b1ec4bd2bd88,2026-06-02T03:44:20.294536+00:00
data/processed/prompts/crox_revenue_xbrl_prompt.txt,processed,8542,462c35c8d49e7817b107952c350ed178ead57fd21ce2b38fa17cb44c5078c09a,2026-06-02T03:44:20.294536+00:00
data/processed/prompts/hd_inventory_hybrid_prompt.txt,processed,7952,0a920b3da6cea255ad5e86dbababdac23637ef6de9fde7de003021c0b45e50ad,2026-06-02T03:44:20.294536+00:00
data/processed/prompts/hd_inventory_llm_only_prompt.txt,processed,1343,397c84d4d648842090daa1dc55d76a1b5a002ae7a4d45540f7d29eda5fc6b9cd,2026-06-02T03:44:20.294536+00:00
data/processed/prompts/hd_inventory_text_prompt.txt,processed,6097,d65bcca6f966a50ac4e6753f4655831c384835ab8094e10bf6337331ad0a3b50,2026-06-02T03:44:20.294536+00:00
data/processed/prompts/hd_inventory_xbrl_prompt.txt,processed,7243,361b500707a3394de2c7c36527713ae79126e4c78be65eb389747cc82605beaa,2026-06-02T03:44:20.294536+00:00
data/processed/prompts/hd_revenue_hybrid_prompt.txt,processed,8581,f0250f7b05f3820f16645cddc6c1e8b9ce370290490071a235830320ae92c83b,2026-06-02T03:44:20.294536+00:00
data/processed/prompts/hd_revenue_llm_only_prompt.txt,processed,1349,8cb407a0e3d69df128f51e92dff4859ff770bc3912a55b0f4d61c7a4b10443dc,2026-06-02T03:44:20.294536+00:00
data/processed/prompts/hd_revenue_text_prompt.txt,processed,6097,a982991b261aadbc1c43e493ce6e4247aae4e767ed8a45a5ea99a46e85ea195a,2026-06-02T03:44:20.294536+00:00
data/processed/prompts/hd_revenue_xbrl_prompt.txt,processed,8134,776950faa0f804c553060e0c6ffa4e7d65f33de0bb53a04fb138514872c04663,2026-06-02T03:44:20.294536+00:00
data/processed/prompts/msft_inventory_hybrid_prompt.txt,processed,3613,487ba8ae77924eed3e2c0609ec53d80ecbf4db910fa48f7e2946a505296ef5c9,2026-06-02T03:44:20.294536+00:00
data/processed/prompts/msft_inventory_llm_only_prompt.txt,processed,1342,5b3f9bc2b691b281375e9f3f37e32fbb5e3a5f306d37ed85e29f4fe2eb6bc3dd,2026-06-02T03:44:20.294536+00:00
data/processed/prompts/msft_inventory_text_prompt.txt,processed,3188,9b2929c80c5bfd050fe81f8e7995e1cc1dddd01559d9d4f14570b75ec8c0e62e,2026-06-02T03:44:20.294536+00:00
data/processed/prompts/msft_inventory_xbrl_prompt.txt,processed,3000,0216e7bc133849fc3143eec5754b3ea21d04985013cc4100a542845dafaa0289,2026-06-02T03:44:20.294536+00:00
data/processed/prompts/msft_revenue_hybrid_prompt.txt,processed,5748,282b5b621654fe381bc08b4f26a26980c7e7a99e4461c92bae55e30e3d26631b,2026-06-02T03:44:20.294536+00:00
data/processed/prompts/msft_revenue_llm_only_prompt.txt,processed,1348,7311e3946cee81b81a68b3918e242739f48bd70cd6c016a7c13332b1d3e914b4,2026-06-02T03:44:20.294536+00:00
data/processed/prompts/msft_revenue_text_prompt.txt,processed,5511,33c18c43af45f81f5aec3b2b947d70c3249f995ecf40b40c84dfec73bad10eb8,2026-06-02T03:44:20.294536+00:00
data/processed/prompts/msft_revenue_xbrl_prompt.txt,processed,3551,6a4c1ce2b8d9025894400823ba4769390f8154762a40186f3a251e8b007ff091,2026-06-02T03:44:20.294536+00:00
data/processed/prompts/nke_inventory_hybrid_prompt.txt,processed,7300,6966c52327c29bcf723c86387aeb4a422fb34691a7617a2173b0d1c463eacb96,2026-06-02T03:44:20.294536+00:00
data/processed/prompts/nke_inventory_llm_only_prompt.txt,processed,1337,49208c8b14ccdc536a99034c0cecfdb805cd985a9990390fcac16888b95221e0,2026-06-02T03:44:20.294536+00:00
data/processed/prompts/nke_inventory_text_prompt.txt,processed,4041,c1ef67a3c9fcdb72e6952fddcd4b8240c7cd10938fe464225038ee7927090b6a,2026-06-02T03:44:20.294536+00:00
data/processed/prompts/nke_inventory_xbrl_prompt.txt,processed,7633,a9e8aa8d618fb61b7ea2a41c596264aa2978e0428e897665e391d5a2dc172f67,2026-06-02T03:44:20.294536+00:00
data/processed/prompts/nke_revenue_hybrid_prompt.txt,processed,7774,f9ac9a52ed4e1204c52e9d59099e8aa908e041c3164b9ee60aa8569aeda79305,2026-06-02T03:44:20.294536+00:00
data/processed/prompts/nke_revenue_llm_only_prompt.txt,processed,1343,4868d4fd1000fa1a32a0f7c6c6b805b805f998c82d0b8dbbfd02f9b311d14a94,2026-06-02T03:44:20.294536+00:00
data/processed/prompts/nke_revenue_text_prompt.txt,processed,4783,db60bf70230f4aa923c944c716c1ea4a3e0c63b9b9dcf1d2c847ae8a9ca2464f,2026-06-02T03:44:20.294536+00:00
data/processed/prompts/nke_revenue_xbrl_prompt.txt,processed,7648,26dc1eeb862399d231473c7c0060e3fe15cf010c1a3b263280939580ce436912,2026-06-02T03:44:20.294536+00:00
data/processed/prompts/pfe_inventory_hybrid_prompt.txt,processed,8554,54647cdeee4780e067e0ca6c67f9ab6ebfdc7935bf9fcd269e5ac044727468ef,2026-06-02T03:44:20.294536+00:00
data/processed/prompts/pfe_inventory_llm_only_prompt.txt,processed,1338,aa1aae987002c2714c0628c4fb23ffc36e4625f8f94701653ed2a2f8b2b3a11c,2026-06-02T03:44:20.294536+00:00
data/processed/prompts/pfe_inventory_text_prompt.txt,processed,5481,8a16f29cd898aa9df478f467608bb831856f7d0579e454a8fa30f840efff1eea,2026-06-02T03:44:20.294536+00:00
data/processed/prompts/pfe_inventory_xbrl_prompt.txt,processed,8313,8bbddd92d3d23f5c6bb63ec26815208461a02eaa54d2630eaa5755b26317079f,2026-06-02T03:44:20.294536+00:00
data/processed/prompts/pfe_revenue_hybrid_prompt.txt,processed,9637,c9d9ab16950028e262d544dae84dfeef37f1cb57956a8a39362503af8e4c409a,2026-06-02T03:44:20.294536+00:00
data/processed/prompts/pfe_revenue_llm_only_prompt.txt,processed,1344,e967e9c52879b422d87d08fffbad400dbdc5a6e2de036011a274a1e5acada2f5,2026-06-02T03:44:20.294536+00:00
data/processed/prompts/pfe_revenue_text_prompt.txt,processed,7682,154521a3f7781cf6505a8c22c4c907be0222186a83c687dff9008cb4c876ef0c,2026-06-02T03:44:20.294536+00:00
data/processed/prompts/pfe_revenue_xbrl_prompt.txt,processed,9146,5839e42d194cc710caedb8fd516ad992fe910f139d589fbc670dca3d6f231a79,2026-06-02T03:44:20.294536+00:00
data/processed/prompts/sbux_inventory_hybrid_prompt.txt,processed,5939,0d5f12ca43511cfe4e1ed25ca7e7f9a730be00e57387eb41bad159f3cb12d5e1,2026-06-02T03:44:20.294536+00:00
data/processed/prompts/sbux_inventory_llm_only_prompt.txt,processed,1348,e232e8c25cd9da243892b4e548b77ca4625a0cd139dae8ca3675638a7fcd0227,2026-06-02T03:44:20.294536+00:00
data/processed/prompts/sbux_inventory_text_prompt.txt,processed,4986,7948de246a75f6504d0ee7402707de08be62886d46742d537e579e06e02b2a71,2026-06-02T03:44:20.294536+00:00
data/processed/prompts/sbux_inventory_xbrl_prompt.txt,processed,6131,b8fa1102ab19abc4bc823d94b5bdca4c55bae3ad26b288e874bfcc867ee78263,2026-06-02T03:44:20.294536+00:00
data/processed/prompts/sbux_revenue_hybrid_prompt.txt,processed,8503,c3df0ea67e2e60f6abe6f80ced9b4b2071e9839529bed088e07a910bed273ab5,2026-06-02T03:44:20.294536+00:00
data/processed/prompts/sbux_revenue_llm_only_prompt.txt,processed,1354,af949ea2c1300af0639cdbd5e7566530938b9d4d2a920124abab28a032f15fc1,2026-06-02T03:44:20.294536+00:00
data/processed/prompts/sbux_revenue_text_prompt.txt,processed,4535,e9f14fa5d6b4587701946acd79b1a731cd6195a9f84225e87bcbbd46aa233102,2026-06-02T03:44:20.294536+00:00
data/processed/prompts/sbux_revenue_xbrl_prompt.txt,processed,9122,12277e8a2faeb5fa3fd3b18da6071cefe0b489e9249d5b7cf89e0454664944b5,2026-06-02T03:44:20.294536+00:00
data/processed/prompts/tgt_inventory_hybrid_prompt.txt,processed,7458,516767aa6d66ba5a5aaf7800cf02ae39de05537ba9273063946e8525178f913d,2026-06-02T03:44:20.294536+00:00
data/processed/prompts/tgt_inventory_llm_only_prompt.txt,processed,1345,5621610aaf556d829683bab1bbd5bb6af15a10c1756bcd38b7d20bcf309500d2,2026-06-02T03:44:20.294536+00:00
data/processed/prompts/tgt_inventory_text_prompt.txt,processed,6626,dbd96ea238e0a2b27f98f2203d920c192e1162cf6ec44836444cadb4f01b5a3a,2026-06-02T03:44:20.294536+00:00
data/processed/prompts/tgt_inventory_xbrl_prompt.txt,processed,6946,5cc7cc45336e2c07b1f93fc21246732d5312706a056ff2f22f12eca39cfbc810,2026-06-02T03:44:20.294536+00:00
data/processed/prompts/tgt_revenue_hybrid_prompt.txt,processed,7667,bc0593d96170c5c086a8ca9d65f5b3984d80bce780310f27fecd659ba48cbc8b,2026-06-02T03:44:20.294536+00:00
data/processed/prompts/tgt_revenue_llm_only_prompt.txt,processed,1351,128fcb50ff4eb60dfda9fff361f32b8130e4d0a3ed6c4eaa6a1aba201cf9807b,2026-06-02T03:44:20.294536+00:00
data/processed/prompts/tgt_revenue_text_prompt.txt,processed,5155,b1a164ca675718c32363692067debc34da88de750f4f7c25a446b8121b5dfa52,2026-06-02T03:44:20.294536+00:00
data/processed/prompts/tgt_revenue_xbrl_prompt.txt,processed,7063,c57ae4bb82adfe98326739e09381b79169d6a9a0fae075bfff284a0bd60b4931,2026-06-02T03:44:20.294536+00:00
data/processed/prompts/wmt_inventory_hybrid_prompt.txt,processed,7188,5a11742b57743aa4cfe3471e42c480f729a4575c1ad2bd62fc335c431d62aab0,2026-06-02T03:44:20.294536+00:00
data/processed/prompts/wmt_inventory_llm_only_prompt.txt,processed,1339,a2c4ced8d2be29d0115c67e7b9d3ed7d5aecea3a113363dfec430fae375fff5b,2026-06-02T03:44:20.294536+00:00
data/processed/prompts/wmt_inventory_text_prompt.txt,processed,5528,cd5c12bad4167a33c35aadb07483ff84fb8670c2eddb2f2dfbb4c9faa0878a65,2026-06-02T03:44:20.294536+00:00
data/processed/prompts/wmt_inventory_xbrl_prompt.txt,processed,7126,9e9a41e7b559bf8671f49257396ab8a866b02c27cb6ebb8e66985e2fb7ff9e5c,2026-06-02T03:44:20.294536+00:00
data/processed/prompts/wmt_revenue_hybrid_prompt.txt,processed,9502,e26fd6faff4e4229fb36878cdd26ce6399a78e2cf87260d9dd27e4ed42a0583a,2026-06-02T03:44:20.294536+00:00
data/processed/prompts/wmt_revenue_llm_only_prompt.txt,processed,1345,d636f85342dc2c58e1b243c6660900147074fe23799f9e7ece5b1b1223ae4f13,2026-06-02T03:44:20.294536+00:00
data/processed/prompts/wmt_revenue_text_prompt.txt,processed,6113,f5472ad9f849f556e9821cf44bba4526da59597192510d8d1903a176184c6855,2026-06-02T03:44:20.294536+00:00
data/processed/prompts/wmt_revenue_xbrl_prompt.txt,processed,8852,71def85cd4d5bac1235881b91dae01ffff834fb393a791221fd0e9d572aaf092,2026-06-02T03:44:20.294536+00:00
data/processed/retrieval_contexts/cat_inventory_hybrid_context.txt,processed,4840,3b50efe95cf0faa7a23b6e61e5fe7d27109b6b79b9cbd838b1e4401d810259fe,2026-06-02T03:44:20.294536+00:00
data/processed/retrieval_contexts/cat_inventory_llm_only_context.txt,processed,68,a715dd087e6570e20345dfb350570433dd5ccd7026956052d3d6346706fc7715,2026-06-02T03:44:20.294536+00:00
data/processed/retrieval_contexts/cat_inventory_text_context.txt,processed,3653,fb35ee97186eb7957893108b600055c17d677f9e642e60e5b3b20d23dad5fd80,2026-06-02T03:44:20.294536+00:00
data/processed/retrieval_contexts/cat_inventory_xbrl_context.txt,processed,4838,fe241b0ce8223438f13d8b30078abf08e163b7c34cfaee0fa18fcad7864b297b,2026-06-02T03:44:20.294536+00:00
data/processed/retrieval_contexts/cat_revenue_hybrid_context.txt,processed,7180,29c22f08bdb3e734f26f5a86b794f3b3429dae714025071eb036eb6860dcb1f9,2026-06-02T03:44:20.294536+00:00
data/processed/retrieval_contexts/cat_revenue_llm_only_context.txt,processed,68,a715dd087e6570e20345dfb350570433dd5ccd7026956052d3d6346706fc7715,2026-06-02T03:44:20.294536+00:00
data/processed/retrieval_contexts/cat_revenue_text_context.txt,processed,5176,962154d04932f5578fcbbf95ffe496a00711a0c6a83de6019ec76728743c1756,2026-06-02T03:44:20.294536+00:00
data/processed/retrieval_contexts/cat_revenue_xbrl_context.txt,processed,6931,770d3abdca5e52968e6cd9a4e674c321399839944fc48655b8597ce528d622fe,2026-06-02T03:44:20.294536+00:00
data/processed/retrieval_contexts/context_manifest.csv,processed,14834,d45a4fa89bdafdb5b7666ce8031f8c920a546d3164ff6ab021704de38b8f824a,2026-06-02T03:44:20.294536+00:00
data/processed/retrieval_contexts/context_volume_diagnostics.csv,processed,16668,04ca06d2ea5183f400b5c5fac045344f5b73a287a7733ff70659bfff2c67cf2c,2026-06-02T03:44:20.294536+00:00
data/processed/retrieval_contexts/context_volume_diagnostics_summary.md,processed,1970,6511a59a631b51c5fc86fa2e5ccded8ec9c8a08d242acb706d6317d662c5abec,2026-06-02T03:44:20.294536+00:00
data/processed/retrieval_contexts/context_volume_summary_by_condition.csv,processed,357,aa0b34276b633dbd80a93e9636d3f72e9804b52fb1e65987a401fc4b3be11357,2026-06-02T03:44:20.294536+00:00
data/processed/retrieval_contexts/crox_inventory_hybrid_context.txt,processed,6049,6986bd69686ed885c24a14e6bbe8cafb354a728452502b39ce53b45f79743be9,2026-06-02T03:44:20.294536+00:00
data/processed/retrieval_contexts/crox_inventory_llm_only_context.txt,processed,68,a715dd087e6570e20345dfb350570433dd5ccd7026956052d3d6346706fc7715,2026-06-02T03:44:20.294536+00:00
data/processed/retrieval_contexts/crox_inventory_text_context.txt,processed,4921,e4323285169b3c0af44b1c81b0f21989b507d8a1f266f04d408245377be9a28b,2026-06-02T03:44:20.294536+00:00
data/processed/retrieval_contexts/crox_inventory_xbrl_context.txt,processed,5607,422a75fdeab410eab51f77ea566d03808458ba8439fd3a624eceb9540424c1cc,2026-06-02T03:44:20.294536+00:00
data/processed/retrieval_contexts/crox_revenue_hybrid_context.txt,processed,8210,1679679267b3932f485e2ff55ea105a175be2fa935e628e8327c7987ea96b6f3,2026-06-02T03:44:20.294536+00:00
data/processed/retrieval_contexts/crox_revenue_llm_only_context.txt,processed,68,a715dd087e6570e20345dfb350570433dd5ccd7026956052d3d6346706fc7715,2026-06-02T03:44:20.294536+00:00
data/processed/retrieval_contexts/crox_revenue_text_context.txt,processed,4886,fd2c96df2a95b7acfd0e0e36226c1447028742d5729cb31eb7efeed2d61e78e7,2026-06-02T03:44:20.294536+00:00
data/processed/retrieval_contexts/crox_revenue_xbrl_context.txt,processed,7266,7820d8723c0d634491a0c38083241a3dc707d679d19ced19ee3e6478cf50108a,2026-06-02T03:44:20.294536+00:00
data/processed/retrieval_contexts/hd_inventory_hybrid_context.txt,processed,6677,ffdea9e6c56f2611c5441f9ff7fef486ab4df5e39645ee679fd6a47768e3ec0d,2026-06-02T03:44:20.294536+00:00
data/processed/retrieval_contexts/hd_inventory_llm_only_context.txt,processed,68,a715dd087e6570e20345dfb350570433dd5ccd7026956052d3d6346706fc7715,2026-06-02T03:44:20.294536+00:00
data/processed/retrieval_contexts/hd_inventory_text_context.txt,processed,4822,85be7449e2b4bf9623ee109bbbbaf39644dcf34760b163887ab991a5d41bff0b,2026-06-02T03:44:20.294536+00:00
data/processed/retrieval_contexts/hd_inventory_xbrl_context.txt,processed,5968,11760b0ff74e5a737c1f3518e838979837cae0b67160fb574c2a8ade05224824,2026-06-02T03:44:20.294536+00:00
data/processed/retrieval_contexts/hd_revenue_hybrid_context.txt,processed,7300,7c95823509cdaa599816db213fc69c52c2e0238395ac03474a780c2b69a626a4,2026-06-02T03:44:20.294536+00:00
data/processed/retrieval_contexts/hd_revenue_llm_only_context.txt,processed,68,a715dd087e6570e20345dfb350570433dd5ccd7026956052d3d6346706fc7715,2026-06-02T03:44:20.294536+00:00
data/processed/retrieval_contexts/hd_revenue_text_context.txt,processed,4816,132fda74270b6ae8bb99e1461b16eca8d0b3e7c72a14052a950b39b7ed364e39,2026-06-02T03:44:20.294536+00:00
data/processed/retrieval_contexts/hd_revenue_xbrl_context.txt,processed,6853,40982f07572e44b32843a130b71ed615044a8b708ab653fbb8261e2b40275d17,2026-06-02T03:44:20.294536+00:00
data/processed/retrieval_contexts/msft_inventory_hybrid_context.txt,processed,2339,059fa6e1dbc4dff0bd545aeb05ad0dd15843ec9e90d7bfd2d6db3fddc0498168,2026-06-02T03:44:20.294536+00:00
data/processed/retrieval_contexts/msft_inventory_llm_only_context.txt,processed,68,a715dd087e6570e20345dfb350570433dd5ccd7026956052d3d6346706fc7715,2026-06-02T03:44:20.294536+00:00
data/processed/retrieval_contexts/msft_inventory_text_context.txt,processed,1914,7c60675a23ad0e60ebc4f7877000a04d31dbe063dd82ef18008f861351c81c3f,2026-06-02T03:44:20.294536+00:00
data/processed/retrieval_contexts/msft_inventory_xbrl_context.txt,processed,1726,797a431084e2246a1ab7dd8bc03edc3c0839934dd61282c72a5f2e2be4f670e2,2026-06-02T03:44:20.294536+00:00
data/processed/retrieval_contexts/msft_revenue_hybrid_context.txt,processed,4468,8741d7904e38203996ef1e8a54dc7eae196d2eb9d238d51e13a6dcfe39077def,2026-06-02T03:44:20.294536+00:00
data/processed/retrieval_contexts/msft_revenue_llm_only_context.txt,processed,68,a715dd087e6570e20345dfb350570433dd5ccd7026956052d3d6346706fc7715,2026-06-02T03:44:20.294536+00:00
data/processed/retrieval_contexts/msft_revenue_text_context.txt,processed,4231,18be1e6a4e6f108fc07ddd22eca27ea6bbaeffd4aff49e76089b748b212cdc55,2026-06-02T03:44:20.294536+00:00
data/processed/retrieval_contexts/msft_revenue_xbrl_context.txt,processed,2271,ef4d25d5bd0f9952ce29f92d732c371d1fe28c687f6185c8911a2befca09c838,2026-06-02T03:44:20.294536+00:00
data/processed/retrieval_contexts/nke_inventory_hybrid_context.txt,processed,6031,0bd643dbe0a1289f70daa9f7de1ab32015cf2bcea70e5232a75f6ec4505c453d,2026-06-02T03:44:20.294536+00:00
data/processed/retrieval_contexts/nke_inventory_llm_only_context.txt,processed,68,a715dd087e6570e20345dfb350570433dd5ccd7026956052d3d6346706fc7715,2026-06-02T03:44:20.294536+00:00
data/processed/retrieval_contexts/nke_inventory_text_context.txt,processed,2772,7de1e0410dab69036327240ec1b731c5fac4776d4956f31416b3a49d6c09c62f,2026-06-02T03:44:20.294536+00:00
data/processed/retrieval_contexts/nke_inventory_xbrl_context.txt,processed,6364,39862b48db86f825103ec472ecf707a92a0038cc574b7b6d5bce5665108301a8,2026-06-02T03:44:20.294536+00:00
data/processed/retrieval_contexts/nke_revenue_hybrid_context.txt,processed,6499,b6cbc3afe1c710c62da118fbd992cd444fc16a9d2973cbec75c03030f1965d3c,2026-06-02T03:44:20.294536+00:00
data/processed/retrieval_contexts/nke_revenue_llm_only_context.txt,processed,68,a715dd087e6570e20345dfb350570433dd5ccd7026956052d3d6346706fc7715,2026-06-02T03:44:20.294536+00:00
data/processed/retrieval_contexts/nke_revenue_text_context.txt,processed,3508,a8cda060a6d473a14d625b196a4ed125b725ce02770b668b728d06d4cdcb9d9c,2026-06-02T03:44:20.294536+00:00
data/processed/retrieval_contexts/nke_revenue_xbrl_context.txt,processed,6373,95140ed152d499fb7569a27aea946ce8ab1c2fb7af4f5cfdd435205028f3aa88,2026-06-02T03:44:20.294536+00:00
data/processed/retrieval_contexts/pfe_inventory_hybrid_context.txt,processed,7284,0240438d4e5b7a6a1ec5c3d8bb3835d8728ad903e52cf538ee5e52fda6df0bbc,2026-06-02T03:44:20.294536+00:00
data/processed/retrieval_contexts/pfe_inventory_llm_only_context.txt,processed,68,a715dd087e6570e20345dfb350570433dd5ccd7026956052d3d6346706fc7715,2026-06-02T03:44:20.294536+00:00
data/processed/retrieval_contexts/pfe_inventory_text_context.txt,processed,4211,44331ee8763c5ca69a8cae132c99e6a6c8d56581381c2b3635bab0c3eb77ffcd,2026-06-02T03:44:20.294536+00:00
data/processed/retrieval_contexts/pfe_inventory_xbrl_context.txt,processed,7043,003210ae74c227b0840c90bce2e55fa4b34cf5c34790ccc51346821a9bdef648,2026-06-02T03:44:20.294536+00:00
data/processed/retrieval_contexts/pfe_revenue_hybrid_context.txt,processed,8361,89f2c8b5f43e1002a23aa94f2ebcae91bb0f7ec4363824ee617daa917229aa4c,2026-06-02T03:44:20.294536+00:00
data/processed/retrieval_contexts/pfe_revenue_llm_only_context.txt,processed,68,a715dd087e6570e20345dfb350570433dd5ccd7026956052d3d6346706fc7715,2026-06-02T03:44:20.294536+00:00
data/processed/retrieval_contexts/pfe_revenue_text_context.txt,processed,6406,73fec5c040d90123dbef879c0c41c513d636e323477ac65b447e829b041ffa9e,2026-06-02T03:44:20.294536+00:00
data/processed/retrieval_contexts/pfe_revenue_xbrl_context.txt,processed,7870,af2f508b363efb6a75bbef23bceb0b80f1eea4dbe5008649508404a0c5588a41,2026-06-02T03:44:20.294536+00:00
data/processed/retrieval_contexts/retrieval_context_manifest.json,processed,30017,2807b2b9ea0efb9c66cb9b7ec74999e0adea7bf4d0ae57c08d8ac89d4ceb665d,2026-06-02T03:44:20.294536+00:00
data/processed/retrieval_contexts/retrieval_context_summary.md,processed,1581,c6163f112f57e9b6b020f386010201d5af2b5b6a862410a51498c5bd09f74068,2026-06-02T03:44:20.294536+00:00
data/processed/retrieval_contexts/sbux_inventory_hybrid_context.txt,processed,4659,c49d22188172a172b1396d724732f011dee1ff25cb64bd1c0248cc309fad14db,2026-06-02T03:44:20.294536+00:00
data/processed/retrieval_contexts/sbux_inventory_llm_only_context.txt,processed,68,a715dd087e6570e20345dfb350570433dd5ccd7026956052d3d6346706fc7715,2026-06-02T03:44:20.294536+00:00
data/processed/retrieval_contexts/sbux_inventory_text_context.txt,processed,3706,b4864b5d467dc3985464083086d54c254f6b33f0922f041cb43beff79c00f738,2026-06-02T03:44:20.294536+00:00
data/processed/retrieval_contexts/sbux_inventory_xbrl_context.txt,processed,4851,04d3537a69123a61758408e1757d6e369a5fa9b40726731609d9c0426e0efa25,2026-06-02T03:44:20.294536+00:00
data/processed/retrieval_contexts/sbux_revenue_hybrid_context.txt,processed,7217,220c89cd97849a3b50d390fa89523b59b4a2bf950881e3bb3a424c2dd7b2a745,2026-06-02T03:44:20.294536+00:00
data/processed/retrieval_contexts/sbux_revenue_llm_only_context.txt,processed,68,a715dd087e6570e20345dfb350570433dd5ccd7026956052d3d6346706fc7715,2026-06-02T03:44:20.294536+00:00
data/processed/retrieval_contexts/sbux_revenue_text_context.txt,processed,3249,fd1d6d73607ad3bde37514e7f77193fd49afca0d8f7d3865e248fcedb549b247,2026-06-02T03:44:20.294536+00:00
data/processed/retrieval_contexts/sbux_revenue_xbrl_context.txt,processed,7836,ef3162482ce40b71aaae3fc241e5c50f30c6755b64e4cba4c96ace378febffae,2026-06-02T03:44:20.294536+00:00
data/processed/retrieval_contexts/tgt_inventory_hybrid_context.txt,processed,6181,a8b883e9d52d8332848a653022247351e2dcda28bb9c8febd831ccbeddcce7f7,2026-06-02T03:44:20.294536+00:00
data/processed/retrieval_contexts/tgt_inventory_llm_only_context.txt,processed,68,a715dd087e6570e20345dfb350570433dd5ccd7026956052d3d6346706fc7715,2026-06-02T03:44:20.294536+00:00
data/processed/retrieval_contexts/tgt_inventory_text_context.txt,processed,5349,f71e9a10b44fc18953fb66feaae2d821390e693bb2874c8d02b21f7e2442c2ef,2026-06-02T03:44:20.294536+00:00
data/processed/retrieval_contexts/tgt_inventory_xbrl_context.txt,processed,5669,55911b7ab195e65f052d86cf902b9690c8fc240abbb3f228462741325d9cd000,2026-06-02T03:44:20.294536+00:00
data/processed/retrieval_contexts/tgt_revenue_hybrid_context.txt,processed,6384,8f44dd72e6f36991696431b5bafd4d61af21902427787610411e16071856fd76,2026-06-02T03:44:20.294536+00:00
data/processed/retrieval_contexts/tgt_revenue_llm_only_context.txt,processed,68,a715dd087e6570e20345dfb350570433dd5ccd7026956052d3d6346706fc7715,2026-06-02T03:44:20.294536+00:00
data/processed/retrieval_contexts/tgt_revenue_text_context.txt,processed,3872,60f26ffeaa524339610e62d1bf0d03786e0592ddfe155fc901a7ebdca560104f,2026-06-02T03:44:20.294536+00:00
data/processed/retrieval_contexts/tgt_revenue_xbrl_context.txt,processed,5780,fc038cc4109af95026a59b103fdaab7f41bc1bf2fed49915d650ef5042579b25,2026-06-02T03:44:20.294536+00:00
data/processed/retrieval_contexts/wmt_inventory_hybrid_context.txt,processed,5917,708642e058a82a967cd91afe9e5ca3a15bdd5db1020c6c245ab6c29d7d826cb5,2026-06-02T03:44:20.294536+00:00
data/processed/retrieval_contexts/wmt_inventory_llm_only_context.txt,processed,68,a715dd087e6570e20345dfb350570433dd5ccd7026956052d3d6346706fc7715,2026-06-02T03:44:20.294536+00:00
data/processed/retrieval_contexts/wmt_inventory_text_context.txt,processed,4257,c0086ff108759c5e6ba18daf7f2edec479aaaec53caadb4e2be707a427bba027,2026-06-02T03:44:20.294536+00:00
data/processed/retrieval_contexts/wmt_inventory_xbrl_context.txt,processed,5855,60d50808ea1addbd8560d67b4e1904de283e231009fe24c08ce9380fcbd859e0,2026-06-02T03:44:20.294536+00:00
data/processed/retrieval_contexts/wmt_revenue_hybrid_context.txt,processed,8225,df5ac02609cc3e02b28ee081cd67383a26cd464c7670e2593dbaaf3d904cd35e,2026-06-02T03:44:20.294536+00:00
data/processed/retrieval_contexts/wmt_revenue_llm_only_context.txt,processed,68,a715dd087e6570e20345dfb350570433dd5ccd7026956052d3d6346706fc7715,2026-06-02T03:44:20.294536+00:00
data/processed/retrieval_contexts/wmt_revenue_text_context.txt,processed,4836,849832225aa896ac4cd9f45aaf5f7d46c99dbaea18e9e09b3a98c6c513526f78,2026-06-02T03:44:20.294536+00:00
data/processed/retrieval_contexts/wmt_revenue_xbrl_context.txt,processed,7575,a580abdb11b75b1126b5b49827527be035d31bbcd7256f067b4bf22d240ec827,2026-06-02T03:44:20.294536+00:00
data/processed/retrieval_logs/retrieval_log.csv,processed,198059,fddf2a346e861d775380ba0d95224bac8d0626560c237aebdf4a05979343d355,2026-06-02T03:44:20.294536+00:00
data/processed/sensitivity/bounded_sensitivity_decision_matrix_by_cell.csv,processed,3783,1320869830de886c0b647dd507e7174f102173c7609921a482c2347a64a86891,2026-06-02T03:44:20.294536+00:00
data/processed/sensitivity/bounded_sensitivity_decision_summary.md,processed,2778,d22bd379c0536d0458526a9ff30d3414311b49a81c9759d47b6cc0aa0927e53f,2026-06-02T03:44:20.294536+00:00
data/processed/sensitivity/bounded_sensitivity_variant_decisions.csv,processed,981,94c2f298d767e95811586667b7c6681dd4571c515186bdaa5389e2ef1c10b265,2026-06-02T03:44:20.294536+00:00
data/processed/sensitivity/retrieval_perturbation_diagnostics.csv,processed,13646,cddb4f6d57d2bd289aa7066e183a65b61d694d3ad1d26917a5177fcd56f67f30,2026-06-02T03:44:20.294536+00:00
data/processed/sensitivity/retrieval_perturbation_summary.md,processed,1727,75349495cb8a5fbbab2f77425b4c5db8d4ec1ceacbc680bdcaf1cf9e9ba4ae81,2026-06-02T03:44:20.294536+00:00
data/processed/sensitivity/retrieval_perturbation_summary_by_variant.csv,processed,507,85051cd9ae45bc341f28f1dcbdcfd460e3d318d64d54ac92ea96a6de0385c7e6,2026-06-02T03:44:20.294536+00:00
data/processed/text_chunks/cat_text_chunks.json,processed,197576,a0176076335d8dcc5eb7505c9ec77dbb351c24e6d5d3738895b788552f95c3b2,2026-06-02T03:44:20.294536+00:00
data/processed/text_chunks/crox_text_chunks.json,processed,182587,f95ad7772ac5b46753cb2bea2755198701d97e07edf89fdf52d7da1c89db9829,2026-06-02T03:44:20.294536+00:00
data/processed/text_chunks/hd_text_chunks.json,processed,155583,32aca764f1e7152c01aadb59c1c97f5c4f047e5a4d804c1836a7337d84862c18,2026-06-02T03:44:20.294536+00:00
data/processed/text_chunks/msft_text_chunks.json,processed,140912,dd2a79fe0cd0494e52678ae268e47e9b656e1154db46e7213305804b338016cd,2026-06-02T03:44:20.294536+00:00
data/processed/text_chunks/nke_text_chunks.json,processed,183909,cbd92530e51807d9303af35da78da23f0449436d7f5bc674f7767800b6b919c3,2026-06-02T03:44:20.294536+00:00
data/processed/text_chunks/pfe_text_chunks.json,processed,235999,df6f23375fc58425f2c0edaf17c15d9e2934567ceeed75ba603ec4bbf48c1721,2026-06-02T03:44:20.294536+00:00
data/processed/text_chunks/sbux_text_chunks.json,processed,133465,60991b2e732876c63486f3db4dd313cea39cbc10995c65555622e9d45fff37bf,2026-06-02T03:44:20.294536+00:00
data/processed/text_chunks/text_chunks.csv,processed,1227083,23992da456f45b7defd3d153df224097312b45328a8642a58d2fad744b3c12ac,2026-06-02T03:44:20.294536+00:00
data/processed/text_chunks/tgt_text_chunks.json,processed,104871,99f13e4911630c248742f6687adca47f64ccbd29787b724e67021dbf97cca274,2026-06-02T03:44:20.294536+00:00
data/processed/text_chunks/wmt_text_chunks.json,processed,136285,a997f98c68e6c132df829c6e70484a31217243f8965b00fdfc65ed29e479e6a3,2026-06-02T03:44:20.294536+00:00
data/processed/xbrl_coverage/construct_coverage_by_family.csv,processed,2647,d184566bcf31527ef8183e79a7fbc0d5d13434b4978df7e3632bf891ea2ca7d8,2026-06-02T03:44:20.294536+00:00
data/processed/xbrl_coverage/construct_coverage_by_filer.csv,processed,7573,bd474b834fef8b223c5d6a71c3d4ee128087ff66d5982946626bcf31c126d37f,2026-06-02T03:44:20.294536+00:00
data/processed/xbrl_coverage/xbrl_construct_coverage_summary.md,processed,4290,05cd142549361d9afd3260d81c78af1478076030438324b4084acf81f26aa003,2026-06-02T03:44:20.294536+00:00
data/processed/xbrl_coverage/xbrl_worked_example_nke_inventory.md,processed,4662,3a3268266b7363644aec35076e148fc69a7d861aa6ed2e8baf00d902add6e206,2026-06-02T03:44:20.294536+00:00
data/processed/xbrl_facts/cat_xbrl_facts.json,processed,1855419,edbca03b3985a0c61057ed8eb0237e6fb26b47da9deb276754b64c02bff4bde3,2026-06-02T03:44:20.294536+00:00
data/processed/xbrl_facts/crox_xbrl_facts.json,processed,166639,c56eb79386bd323874adc49b53fe20e390c40d472b970d46f705a16f5b2917ce,2026-06-02T03:44:20.294536+00:00
data/processed/xbrl_facts/hd_xbrl_facts.json,processed,216014,8954203d68cf6315a085b3d6a4a85fc95c0be278df8034e08db1278fab9f5c7e,2026-06-02T03:44:20.294536+00:00
data/processed/xbrl_facts/msft_xbrl_facts.json,processed,332146,419689023b5447ab51444a4839c3cafc882fec16e06f8edf04a44d15c3942850,2026-06-02T03:44:20.294536+00:00
data/processed/xbrl_facts/nke_xbrl_facts.json,processed,531075,1529ffd3412af858d97e22ca2cbb5c304217d8fd70ba4729ae6fc92f460ece7d,2026-06-02T03:44:20.294536+00:00
data/processed/xbrl_facts/pfe_xbrl_facts.json,processed,372515,43671118e8b403218af39b00efc8fe17c35bbb079093d02027506bb4ff75354d,2026-06-02T03:44:20.294536+00:00
data/processed/xbrl_facts/sbux_xbrl_facts.json,processed,177428,94eb16141ce2ffc72fbecd2ca18001ef6bdecd3e1c15660e97c9991934b16ba3,2026-06-02T03:44:20.294536+00:00
data/processed/xbrl_facts/tgt_xbrl_facts.json,processed,145173,8a202dd6322fe4fe87766421e7d8b7386f842adce907d81bab18876fa7333b5b,2026-06-02T03:44:20.294536+00:00
data/processed/xbrl_facts/wmt_xbrl_facts.json,processed,140258,6baba82b3ec37927782dd63590b1108b3448634939b141cfe5dfe584d541a3c7,2026-06-02T03:44:20.294536+00:00
data/processed/xbrl_facts/xbrl_facts.csv,processed,3238138,9b1faf7f21253012ae46586589f1b386cd0b0e02a2e32ae30478c0a4ccd8fa24,2026-06-02T03:44:20.294536+00:00
data/processed/xbrl_paths/cat_xbrl_paths.json,processed,429864,05588e6f4e8929623ddde317ea505abc3b1381163cbf66d5adb89939da2c93b3,2026-06-02T03:44:20.294536+00:00
data/processed/xbrl_paths/crox_xbrl_paths.json,processed,78107,836f6f9d4a1e0a8f514c68df5d932c998676a8df7b945325e2dde05e2968bbbb,2026-06-02T03:44:20.294536+00:00
data/processed/xbrl_paths/hd_xbrl_paths.json,processed,133630,25071383505fcc9934bf171523a358685615fc024ae23536872382beaca45c50,2026-06-02T03:44:20.294536+00:00
data/processed/xbrl_paths/msft_xbrl_paths.json,processed,2,4f53cda18c2baa0c0354bb5f9a3ecbe5ed12ab4d8e11ba873c2f11161202b945,2026-06-02T03:44:20.294536+00:00
data/processed/xbrl_paths/nke_xbrl_paths.json,processed,70334,4c3e8c38ea0d08dda34d55bc9e4145839f487e2c419c542ee4ad4dee6b732ae8,2026-06-02T03:44:20.294536+00:00
data/processed/xbrl_paths/pfe_xbrl_paths.json,processed,211029,ef324e064d24b71d6ba6a17f7f766db984e0501149be27c0b70c1ba0f471dfc5,2026-06-02T03:44:20.294536+00:00
data/processed/xbrl_paths/sbux_xbrl_paths.json,processed,151591,faa61f54a701985d542bcaae8cb9d5bc17017fc4dc9175f7b03fd96345c83d32,2026-06-02T03:44:20.294536+00:00
data/processed/xbrl_paths/tgt_xbrl_paths.json,processed,56634,576c4a7bcbc0e3caef39b8062d1ddd9bb50d95f607dab1347a20778599a689ac,2026-06-02T03:44:20.294536+00:00
data/processed/xbrl_paths/wmt_xbrl_paths.json,processed,83463,2016ec2f861cc02bed7f44160d9f3d8802626d57b3c8cdc33ef6ee4f8224bf94,2026-06-02T03:44:20.294536+00:00
data/processed/xbrl_paths/xbrl_paths.csv,processed,678607,5e3e3c8ad9a3e50659155e4182159e53b0b01dfb6bbc3fb8c7690556b0e9ca14,2026-06-02T03:44:20.294536+00:00
README_REPLICATION.md,root,14219,d5fa587140b8e980f2f317558c72aa79c498c910777302c78f26deb3e4427d80,2026-06-02T03:44:20.294536+00:00
scripts/analyze_bounded_sensitivity_decision_matrix.py,script,8803,b0b9c7b7c3981a2bab061b29a7ed7bc993e15a2a0097e051b40157614f3debd0,2026-06-02T03:44:20.294536+00:00
scripts/analyze_context_diagnostics.py,script,10116,54e21409aa9949db5d5e26ad382b6c77a40fcf7a3575dd24af2459026b0b52ed,2026-06-02T03:44:20.294536+00:00
scripts/analyze_hybrid_integration_mechanisms.py,script,6269,9e47d6abe2b9c1ca2ff6164d319b940f3cdeda9be31425222551ad305459c196,2026-06-02T03:44:20.294536+00:00
scripts/analyze_independent_coding.py,script,8588,f062997c5d0845f01534bca4e659d803d26656ef84953fe7f158dc380fe4d12f,2026-06-02T03:44:20.294536+00:00
scripts/analyze_retrieval_perturbation_diagnostics.py,script,9810,0e3fb62b4ddab31705bddcaf1c96e7bcffb34945fc58bbf2560b04e789cb4d08,2026-06-02T03:44:20.294536+00:00
scripts/analyze_xbrl_construct_coverage.py,script,12209,64425556129cf23b2c13ab77d89d20aa11e2e30dae9156a3983a90e32066db75,2026-06-02T03:44:20.294536+00:00
scripts/build_ajpt_submission_docx.ps1,script,16769,52ddf1536fc4de21266a72302b9849eb58fdf57d602707540297bd446afb8f52,2026-06-02T03:44:20.294536+00:00
scripts/build_checksum_manifest.py,script,3983,8c907d4506b6bfb436aee6fd558bfaf045711b8ffe74e770c26435aacdc719ef,2026-06-02T03:44:20.294536+00:00
scripts/build_coder_package.py,script,4812,7d245e012e833f6c91883376c267561fe4d1b8562b4b9e4cf432db7bc4dd0d94,2026-06-02T03:44:20.294536+00:00
scripts/build_retrieval_contexts.py,script,21987,90b57f6a86550e39e092d19ae829f0b9b6977e13da6e01ddcc075bca91123277,2026-06-02T03:44:20.294536+00:00
scripts/check_docx_revision.ps1,script,1693,df09964a3e08cd58c41734b131238906f8b09f07fd4dc7fc6ad70790e3d32448,2026-06-02T03:44:20.294536+00:00
scripts/code_llm_claims.py,script,24714,0e4295aa99e0904faf8c47ac8df4f6f6d31a617545ad9ba4815a4adc2c49d8b7,2026-06-02T03:44:20.294536+00:00
scripts/export_submission_figures_edge.ps1,script,2746,0943b68907939688dfd2b8fd995cf81e926fd1d9927ff68c0623c65f67dccbc2,2026-06-02T03:44:20.294536+00:00
scripts/extract_demo_data.py,script,16350,b9aa59919f0c86e819f385300601af2867c86817c0488be06b5bd53d3c5b6879,2026-06-02T03:44:20.294536+00:00
scripts/run_llm_prompts.py,script,10856,6f1ab7283ff9adab109bc68ada112b348338f2c9bfb14a3383799c9a36f13ac3,2026-06-02T03:44:20.294536+00:00
scripts/sec_download.py,script,5810,a77ae8213116e9b913d07277bcf9d673d38db0d973da214143e0f23896f3c319,2026-06-02T03:44:20.294536+00:00
scripts/validate_llm_results.py,script,10085,fcbb80c9f872980350cc9f76004649ab102e95e135f365d7a69e4473f367d9a0,2026-06-02T03:44:20.294536+00:00
