claim_id,ticker,company,sample_role,construct,claim_kind,mechanism,mechanism_definition,has_text_source,has_xbrl_source,integrated_prelim,text_source_ids,xbrl_source_ids,claim_text
C011,NKE,"Nike, Inc.",main_deep_case,revenue,factual,xbrl_only_within_hybrid,"Hybrid prompt was available, but the claim used XBRL facts or paths only.",0,1,0,,F-NKE-0252,"The current refund liability as of 2025-05-31 was $1,277,000,000."
C012,NKE,"Nike, Inc.",main_deep_case,revenue,factual,xbrl_only_within_hybrid,"Hybrid prompt was available, but the claim used XBRL facts or paths only.",0,1,0,,F-NKE-0010,"Accounts Receivable Net as of 2025-05-31 was $4,717,000,000."
C013,NKE,"Nike, Inc.",main_deep_case,revenue,risk_or_assertion_mapping,xbrl_only_within_hybrid,"Hybrid prompt was available, but the claim used XBRL facts or paths only.",0,1,0,,F-NKE-0252; F-NKE-0253,The increase in the current refund liability from $799 million (as of 2024-05-31) to $1.277 billion (as of 2025-05-31) presents a risk cue for the valuation assertion of revenue.
C014,NKE,"Nike, Inc.",main_deep_case,revenue,risk_or_assertion_mapping,text_only_within_hybrid,"Hybrid prompt was available, but the claim used narrative text only.",1,0,0,T-NKE-REVENUE-021,,"The stated risk that failures in providing reliable, secure, and user-friendly digital commerce platforms could result in the loss of digital commerce sales indicates a risk cue for the completeness and occurrence assertions of revenue."
C015,NKE,"Nike, Inc.",main_deep_case,revenue,risk_or_assertion_mapping,text_only_within_hybrid,"Hybrid prompt was available, but the claim used narrative text only.",1,0,0,T-NKE-REVENUE-062; T-NKE-REVENUE-071,,The significant decline in digital sales in North America (19%) and APLA (9%) indicates a risk cue for the valuation and accuracy of revenue within these specific channels.
C026,NKE,"Nike, Inc.",main_deep_case,inventory,factual,text_only_within_hybrid,"Hybrid prompt was available, but the claim used narrative text only.",1,0,0,Text Chunk 3,,"Nike values inventories at the lower of cost and net realizable value, utilizing either an average or a specific identification cost basis."
C027,NKE,"Nike, Inc.",main_deep_case,inventory,factual,integrated_text_xbrl_bridge,Claim uses both text and XBRL evidence with an inferential bridge.,1,1,1,Text Chunk 2,F-NKE-0026; F-NKE-0027,"As of May 31, 2025, the Company's inventory reserve was $233 million, an increase from $155 million as of May 31, 2024."
C028,NKE,"Nike, Inc.",main_deep_case,inventory,risk_or_assertion_mapping,text_only_within_hybrid,"Hybrid prompt was available, but the claim used narrative text only.",1,0,0,Text Chunk 1,,"The use of ongoing estimates for net realizable value (NRV) based on assumptions regarding future demand, market conditions, sales trends, and historical experience creates a risk to the inventory valuation assertion."
C029,NKE,"Nike, Inc.",main_deep_case,inventory,risk_or_assertion_mapping,integrated_text_xbrl_bridge,Claim uses both text and XBRL evidence with an inferential bridge.,1,1,1,Text Chunk 2,F-NKE-0026; F-NKE-0027,The increase in the inventory reserve from $155 million (2024) to $233 million (2025) serves as a risk cue for the adequacy of the valuation reserve.
C030,NKE,"Nike, Inc.",main_deep_case,inventory,risk_or_assertion_mapping,text_only_within_hybrid,"Hybrid prompt was available, but the claim used narrative text only.",1,0,0,Text Chunk 3,,"The practice of shipping products directly from suppliers to customers, where inventory and cost of sales are recognized on a specific identification basis, introduces a risk to the accuracy of inventory valuation and cost allocation."
C042,SBUX,Starbucks Corporation,main_deep_case,revenue,risk_or_assertion_mapping,text_only_within_hybrid,"Hybrid prompt was available, but the claim used narrative text only.",1,0,0,Text Chunk 3,,The recognition of revenue from stored value card breakage is subject to estimation risk.
C043,SBUX,Starbucks Corporation,main_deep_case,revenue,risk_or_assertion_mapping,text_only_within_hybrid,"Hybrid prompt was available, but the claim used narrative text only.",1,0,0,Text Chunk 2,,Revenue recognition for the Nestlé prepaid royalty depends on the assessment of performance obligations.
C044,SBUX,Starbucks Corporation,main_deep_case,revenue,risk_or_assertion_mapping,text_only_within_hybrid,"Hybrid prompt was available, but the claim used narrative text only.",1,0,0,Text Chunk 1,,The multi-channel nature of stored value card activation and redemption creates a risk regarding the accuracy of the transition from deferred revenue to recognized revenue.
C045,SBUX,Starbucks Corporation,main_deep_case,revenue,factual,xbrl_only_within_hybrid,"Hybrid prompt was available, but the claim used XBRL facts or paths only.",0,1,0,,F-SBUX-0085; F-SBUX-0086,"Starbucks Corporation derives revenue from North America and International operations (selling coffee, beverages, food, packaged coffees, single-serve coffee, and merchandise) and Channel Development (selling packaged coffee, tea, foodservice products, ready-to-drink beverages, and receiving royalties from Nestlé)."
C046,SBUX,Starbucks Corporation,main_deep_case,revenue,factual,text_only_within_hybrid,"Hybrid prompt was available, but the claim used narrative text only.",1,0,0,Text Chunk 1,,"Stored value cards can be activated at company-operated stores, most licensed stores, Starbucks.com, via mobile devices, and at certain third-party websites and locations, although they cannot be reloaded at third-party sites."
C057,SBUX,Starbucks Corporation,main_deep_case,inventory,factual,text_only_within_hybrid,"Hybrid prompt was available, but the claim used narrative text only.",1,0,0,T-SBUX-INVENTORY-015,,Inventories are stated at the lower of cost (primarily moving average cost) or net realizable value.
C058,SBUX,Starbucks Corporation,main_deep_case,inventory,factual,integrated_text_xbrl_bridge,Claim uses both text and XBRL evidence with an inferential bridge.,1,1,1,T-SBUX-INVENTORY-015,F-SBUX-0034,"As of September 28, 2025, inventory reserves were $56.6 million."
C059,SBUX,Starbucks Corporation,main_deep_case,inventory,risk_or_assertion_mapping,text_only_within_hybrid,"Hybrid prompt was available, but the claim used narrative text only.",1,0,0,T-SBUX-INVENTORY-015,,"The reliance on ""obsolescence trends"" and ""historical experience"" to determine inventory reserves for obsolete and slow-moving inventory presents a risk to the valuation assertion."
C060,SBUX,Starbucks Corporation,main_deep_case,inventory,risk_or_assertion_mapping,text_only_within_hybrid,"Hybrid prompt was available, but the claim used narrative text only.",1,0,0,T-SBUX-INVENTORY-008,,"The possibility of ""excess inventory"" and ""increased inventory markdowns"" creates a risk that inventory may be overstated relative to its net realizable value."
C061,SBUX,Starbucks Corporation,main_deep_case,inventory,risk_or_assertion_mapping,text_only_within_hybrid,"Hybrid prompt was available, but the claim used narrative text only.",1,0,0,T-SBUX-INVENTORY-015,,"The use of ""estimated shrinkage"" between physical inventory counts introduces a risk to the valuation assertion."
C073,TGT,Target Corporation,main_deep_case,revenue,factual,text_only_within_hybrid,"Hybrid prompt was available, but the claim used narrative text only.",1,0,0,Text Chunk 3,,Revenue for digitally originated sales is recognized upon delivery to the guest or upon guest pickup at the store.
C074,TGT,Target Corporation,main_deep_case,revenue,factual,text_only_within_hybrid,"Hybrid prompt was available, but the claim used narrative text only.",1,0,0,Text Chunk 3,,"As of February 1, 2025, the liability for estimated returns was $172 million."
C075,TGT,Target Corporation,main_deep_case,revenue,risk_or_assertion_mapping,text_only_within_hybrid,"Hybrid prompt was available, but the claim used narrative text only.",1,0,0,Text Chunk 3,,The timing of revenue recognition for digitally originated sales presents a cut-off risk.
C076,TGT,Target Corporation,main_deep_case,revenue,risk_or_assertion_mapping,text_only_within_hybrid,"Hybrid prompt was available, but the claim used narrative text only.",1,0,0,Text Chunk 3,,The estimation of expected returns introduces a risk to the accuracy and valuation of revenue and the associated return liability.
C077,TGT,Target Corporation,main_deep_case,revenue,risk_or_assertion_mapping,text_only_within_hybrid,"Hybrid prompt was available, but the claim used narrative text only.",1,0,0,Text Chunk 2,,The recognition of gift card breakage revenue is subject to estimation risk.
C089,TGT,Target Corporation,main_deep_case,inventory,factual,text_only_within_hybrid,"Hybrid prompt was available, but the claim used narrative text only.",1,0,0,Text Chunk 1,,Target Corporation values its inventory at the lower of LIFO cost or market and utilizes the retail inventory accounting method.
C090,TGT,Target Corporation,main_deep_case,inventory,factual,xbrl_only_within_hybrid,"Hybrid prompt was available, but the claim used XBRL facts or paths only.",0,1,0,,F-TGT-0007,"As of February 1, 2025, Target Corporation's net inventory was $12,740,000,000."
C091,TGT,Target Corporation,main_deep_case,inventory,risk_or_assertion_mapping,text_only_within_hybrid,"Hybrid prompt was available, but the claim used narrative text only.",1,0,0,Text Chunk 1,,The estimation of the inventory shrink reserve presents a valuation risk due to the high sensitivity of the reserve's impact on cost of sales.
C092,TGT,Target Corporation,main_deep_case,inventory,risk_or_assertion_mapping,text_only_within_hybrid,"Hybrid prompt was available, but the claim used narrative text only.",1,0,0,Text Chunk 1,,Inventory valuation is subject to risk regarding the timing and accuracy of markdown adjustments driven by external volatility.
C093,TGT,Target Corporation,main_deep_case,inventory,risk_or_assertion_mapping,text_only_within_hybrid,"Hybrid prompt was available, but the claim used narrative text only.",1,0,0,Text Chunk 3,,The use of the Retail Inventory Method (RIM) introduces a valuation risk centered on the accuracy of the cost-to-retail ratio.
C010,WMT,Walmart Inc.,bounded_extension,revenue,risk_or_assertion_mapping,text_only_within_hybrid,"Hybrid prompt was available, but the claim used narrative text only.",1,0,0,Text Chunk 1,,The recognition of gift card breakage income involves management estimation risk.
C011,WMT,Walmart Inc.,bounded_extension,revenue,risk_or_assertion_mapping,text_only_within_hybrid,"Hybrid prompt was available, but the claim used narrative text only.",1,0,0,Text Chunk 1,,The deferral of revenue for gift card purchases until redemption presents a cut-off risk.
C012,WMT,Walmart Inc.,bounded_extension,revenue,risk_or_assertion_mapping,text_only_within_hybrid,"Hybrid prompt was available, but the claim used narrative text only.",1,0,0,Text Chunk 2,,"The calculation of ""comparable sales"" involves complex inclusions (e.g., omnichannel and advertising net sales) that may impact the Accuracy assertion."
C013,WMT,Walmart Inc.,bounded_extension,revenue,factual,text_only_within_hybrid,"Hybrid prompt was available, but the claim used narrative text only.",1,0,0,Text Chunk 3,,Net sales for the Sam's Club U.S. segment increased by $2.8 billion (3.1%) for fiscal 2026.
C014,WMT,Walmart Inc.,bounded_extension,revenue,factual,text_only_within_hybrid,"Hybrid prompt was available, but the claim used narrative text only.",1,0,0,Text Chunk 3,,Lower fuel prices negatively impacted comparable sales by 1.9% in fiscal 2026.
C026,WMT,Walmart Inc.,bounded_extension,inventory,factual,xbrl_only_within_hybrid,"Hybrid prompt was available, but the claim used XBRL facts or paths only.",0,1,0,,F-WMT-0012,"As of January 31, 2026, the net inventory value for Walmart Inc. was $58,851,000,000."
C027,WMT,Walmart Inc.,bounded_extension,inventory,factual,text_only_within_hybrid,"Hybrid prompt was available, but the claim used narrative text only.",1,0,0,Text Chunk 2,,"Walmart Inc. utilizes various inventory methods depending on store formats and businesses, recording inventories at the lower of cost or market or net realizable value, as appropriate."
C028,WMT,Walmart Inc.,bounded_extension,inventory,risk_or_assertion_mapping,text_only_within_hybrid,"Hybrid prompt was available, but the claim used narrative text only.",1,0,0,Text Chunk 2,,The use of multiple valuation methods (lower of cost or market vs. net realizable value) across different store formats and business segments creates a risk regarding the valuation assertion.
C029,WMT,Walmart Inc.,bounded_extension,inventory,risk_or_assertion_mapping,text_only_within_hybrid,"Hybrid prompt was available, but the claim used narrative text only.",1,0,0,Text Chunk 3,,The reliance on the Retail Inventory Method (RIM) and the immediate recording of permanent markdowns in the Walmart U.S. segment presents a risk to the valuation assertion.
C030,WMT,Walmart Inc.,bounded_extension,inventory,risk_or_assertion_mapping,text_only_within_hybrid,"Hybrid prompt was available, but the claim used narrative text only.",1,0,0,Text Chunk 3,,"The use of the last-in, first-out (LIFO) valuation method for the Walmart U.S. segment is a consideration for the inventory valuation assertion."
C042,HD,"Home Depot, Inc.",bounded_extension,revenue,factual,text_only_within_hybrid,"Hybrid prompt was available, but the claim used narrative text only.",1,0,0,T-HD-REVENUE-056,,"As of February 1, 2026, and February 2, 2025, performance obligations for unredeemed gift cards were $1.1 billion."
C043,HD,"Home Depot, Inc.",bounded_extension,revenue,factual,xbrl_only_within_hybrid,"Hybrid prompt was available, but the claim used XBRL facts or paths only.",0,1,0,,F-HD-0009,"Revenue from contracts with customers (excluding assessed tax) for the period from 2023-01-30 to 2024-01-28 was $152,669,000,000."
C044,HD,"Home Depot, Inc.",bounded_extension,revenue,risk_or_assertion_mapping,text_only_within_hybrid,"Hybrid prompt was available, but the claim used narrative text only.",1,0,0,T-HD-REVENUE-056,,The recognition of gift card breakage income is based on an estimate of the portion of outstanding gift card balances not expected to be redeemed.
C045,HD,"Home Depot, Inc.",bounded_extension,revenue,risk_or_assertion_mapping,integrated_text_xbrl_bridge,Claim uses both text and XBRL evidence with an inferential bridge.,1,1,1,T-HD-REVENUE-056,F-HD-0044,"Revenue for gift cards is recognized upon redemption, which generally occurs within six months of issuance."
C046,HD,"Home Depot, Inc.",bounded_extension,revenue,risk_or_assertion_mapping,text_only_within_hybrid,"Hybrid prompt was available, but the claim used narrative text only.",1,0,0,T-HD-REVENUE-015,,There has been a significant increase in sales initiated online and via mobile applications.
C058,HD,"Home Depot, Inc.",bounded_extension,inventory,factual,integrated_text_xbrl_bridge,Claim uses both text and XBRL evidence with an inferential bridge.,1,1,1,T-HD-INVENTORY-020,F-HD-0004,"Merchandise inventories were $25.8 billion as of February 1, 2026."
C059,HD,"Home Depot, Inc.",bounded_extension,inventory,factual,text_only_within_hybrid,"Hybrid prompt was available, but the claim used narrative text only.",1,0,0,T-HD-INVENTORY-020; T-HD-INVENTORY-028,,"Home Depot utilizes the retail inventory method (RIM) for the majority of its merchandise inventories, while inventories in Canada, Mexico, distribution centers, and SRS distribution operations are recorded using cost methods (primarily moving average and first-in, first-out)."
C060,HD,"Home Depot, Inc.",bounded_extension,inventory,risk_or_assertion_mapping,text_only_within_hybrid,"Hybrid prompt was available, but the claim used narrative text only.",1,0,0,T-HD-INVENTORY-018,,There is a risk regarding the valuation assertion due to inherent uncertainty in the final determination of inventory cost and gross profit when applying the retail inventory method.
C061,HD,"Home Depot, Inc.",bounded_extension,inventory,risk_or_assertion_mapping,text_only_within_hybrid,"Hybrid prompt was available, but the claim used narrative text only.",1,0,0,T-HD-INVENTORY-018,,"The valuation of inventory is subject to estimation risk because the determination of markups and markdowns relies on subjective and variable factors, including anticipated demand, customer preferences, buying trends, age of merchandise, and weather conditions."
C062,HD,"Home Depot, Inc.",bounded_extension,inventory,risk_or_assertion_mapping,integrated_text_xbrl_bridge,Claim uses both text and XBRL evidence with an inferential bridge.,1,1,1,T-HD-INVENTORY-028,F-HD-0169; F-HD-0172,The valuation of inventory acquired through business combinations (specifically SRS and GMS Inc) may require distinct audit consideration as these assets are recorded under different valuation frameworks than the majority of the company's inventory.
C074,CAT,Caterpillar Inc.,bounded_extension,revenue,factual,text_only_within_hybrid,"Hybrid prompt was available, but the claim used narrative text only.",1,0,0,T-CAT-REVENUE_INVENTORY-021,,"Trade receivables from dealers and end users were $9,402 million as of December 31, 2025."
C075,CAT,Caterpillar Inc.,bounded_extension,revenue,factual,xbrl_only_within_hybrid,"Hybrid prompt was available, but the claim used XBRL facts or paths only.",0,1,0,,F-CAT-0052,"For the period from January 1, 2025, to December 31, 2025, the company recorded a Contract With Customer Liability Cumulative Catch-Up Adjustment to Revenue Change in Estimate of Transaction Price of -$497 million."
C076,CAT,Caterpillar Inc.,bounded_extension,revenue,risk_or_assertion_mapping,xbrl_only_within_hybrid,"Hybrid prompt was available, but the claim used XBRL facts or paths only.",0,1,0,,F-CAT-0052,The recording of a significant negative cumulative catch-up adjustment to revenue due to changes in transaction price estimates suggests a risk related to the Accuracy assertion of revenue recognition.
C077,CAT,Caterpillar Inc.,bounded_extension,revenue,risk_or_assertion_mapping,text_only_within_hybrid,"Hybrid prompt was available, but the claim used narrative text only.",1,0,0,T-CAT-REVENUE_INVENTORY-006,,"The anticipation of sales growth driven by ""changes in dealer inventories"" and ""seasonal dealer inventory build"" suggests a risk related to the Occurrence assertion of revenue."
C078,CAT,Caterpillar Inc.,bounded_extension,revenue,factual,xbrl_only_within_hybrid,"Hybrid prompt was available, but the claim used XBRL facts or paths only.",0,1,0,,F-CAT-0062,"As of December 31, 2025, the Contract With Customer Liability was $4,678 million."
C089,CAT,Caterpillar Inc.,bounded_extension,inventory,factual,text_only_within_hybrid,"Hybrid prompt was available, but the claim used narrative text only.",1,0,0,T-CAT-INVENTORY-016,,"Caterpillar Inc. values inventories at the lower of cost or net realizable value, primarily using the last-in, first-out (LIFO) method."
C090,CAT,Caterpillar Inc.,bounded_extension,inventory,factual,xbrl_only_within_hybrid,"Hybrid prompt was available, but the claim used XBRL facts or paths only.",0,1,0,,F-CAT-0048,"As of December 31, 2025, the Inventory LIFO Reserve was $4,305,000,000."
C091,CAT,Caterpillar Inc.,bounded_extension,inventory,risk_or_assertion_mapping,integrated_text_xbrl_bridge,Claim uses both text and XBRL evidence with an inferential bridge.,1,1,1,T-CAT-INVENTORY-016,F-CAT-0048,"The reliance on the LIFO method for approximately 70% of total inventories as of December 31, 2025, presents a valuation risk regarding the accuracy of the LIFO reserve."
C092,CAT,Caterpillar Inc.,bounded_extension,inventory,risk_or_assertion_mapping,text_only_within_hybrid,"Hybrid prompt was available, but the claim used narrative text only.",1,0,0,T-CAT-INVENTORY-008; T-CAT-INVENTORY-023,,The occurrence of inventory write-downs and LIFO inventory decrement benefits associated with restructuring and closed facilities indicates a risk to the valuation assertion.
C093,CAT,Caterpillar Inc.,bounded_extension,inventory,factual,xbrl_only_within_hybrid,"Hybrid prompt was available, but the claim used XBRL facts or paths only.",0,1,0,,F-CAT-0801,"As of December 31, 2025, Inventory Finished Goods Net of Reserves was $8,725,000,000."
C105,PFE,Pfizer Inc.,bounded_extension,revenue,factual,text_only_within_hybrid,"Hybrid prompt was available, but the claim used narrative text only.",1,0,0,T-PFE-REVENUE-141,,"As of December 31, 2025, deferred revenues for Paxlovid and Comirnaty totaled $1.5 billion, comprising $689 million in current liabilities and $826 million in noncurrent liabilities."
C106,PFE,Pfizer Inc.,bounded_extension,revenue,risk_or_assertion_mapping,text_only_within_hybrid,"Hybrid prompt was available, but the claim used narrative text only.",1,0,0,T-PFE-REVENUE-066,,"The estimation of variable consideration—including chargebacks, rebates, sales allowances, and sales returns—presents a risk to the accuracy of reported net revenues."
C107,PFE,Pfizer Inc.,bounded_extension,revenue,risk_or_assertion_mapping,text_only_within_hybrid,"Hybrid prompt was available, but the claim used narrative text only.",1,0,0,T-PFE-REVENUE-093,,The process for calculating provisions for pharmaceutical sales returns involves multiple subjective variables that may impact the valuation of revenue.
C108,PFE,Pfizer Inc.,bounded_extension,revenue,risk_or_assertion_mapping,text_only_within_hybrid,"Hybrid prompt was available, but the claim used narrative text only.",1,0,0,T-PFE-REVENUE-141,,The recognition of revenue from the balance of deferred revenues for Paxlovid and Comirnaty presents a risk regarding the timing of revenue recognition.
C109,PFE,Pfizer Inc.,bounded_extension,revenue,factual,xbrl_only_within_hybrid,"Hybrid prompt was available, but the claim used XBRL facts or paths only.",0,1,0,,F-PFE-0165,"For the period ended December 31, 2025, there were 12 countries where revenue from contracts with customers was $500 million or more."
C121,PFE,Pfizer Inc.,bounded_extension,inventory,factual,text_only_within_hybrid,"Hybrid prompt was available, but the claim used narrative text only.",1,0,0,T-PFE-INVENTORY-011,,"Pfizer records inventories at the lower of cost or net realizable value, with the cost of finished goods, work in process, and raw materials determined using average actual cost."
C122,PFE,Pfizer Inc.,bounded_extension,inventory,factual,text_only_within_hybrid,"Hybrid prompt was available, but the claim used narrative text only.",1,0,0,T-PFE-REVENUE_INVENTORY-035,,"In 2023, Biopharma earnings included approximately $6.2 billion of inventory write-offs and related charges to Cost of sales, primarily due to lower-than-expected demand for COVID-19 products."
C123,PFE,Pfizer Inc.,bounded_extension,inventory,risk_or_assertion_mapping,integrated_text_xbrl_bridge,Claim uses both text and XBRL evidence with an inferential bridge.,1,1,1,T-PFE-REVENUE_INVENTORY-035,F-PFE-0134,"The occurrence of significant historical inventory write-offs (e.g., $6.2 billion in 2023) and non-cash favorable product return adjustments ($771 million in 2024) suggests a risk regarding the valuation assertion for inventory."
C124,PFE,Pfizer Inc.,bounded_extension,inventory,risk_or_assertion_mapping,text_only_within_hybrid,"Hybrid prompt was available, but the claim used narrative text only.",1,0,0,T-PFE-INVENTORY-011,,"The policy of classifying inventories not expected to be sold within 12 months as ""Other noncurrent assets"" presents a risk to the valuation and classification assertions."
C125,PFE,Pfizer Inc.,bounded_extension,inventory,factual,xbrl_only_within_hybrid,"Hybrid prompt was available, but the claim used XBRL facts or paths only.",0,1,0,,F-PFE-0037; F-PFE-0038; F-PFE-0039,"As of 2023-12-14, Pfizer recognized $3.273 billion in inventory from the Seagen acquisition, comprising $1.1 billion in current inventory and $2.1 billion in noncurrent inventory."
C136,MSFT,Microsoft Corp.,bounded_extension,revenue,factual,xbrl_only_within_hybrid,"Hybrid prompt was available, but the claim used XBRL facts or paths only.",0,1,0,,F-MSFT-0028,"As of 2025-06-30, the current contract liability was $64,555,000,000."
C137,MSFT,Microsoft Corp.,bounded_extension,revenue,factual,text_only_within_hybrid,"Hybrid prompt was available, but the claim used narrative text only.",1,0,0,T-MSFT-REVENUE-089,,"Management utilizes estimates and assumptions to determine the standalone selling price (SSP) of performance obligations, variable consideration, and the nature and timing of the satisfaction of performance obligations."
C138,MSFT,Microsoft Corp.,bounded_extension,revenue,risk_or_assertion_mapping,text_only_within_hybrid,"Hybrid prompt was available, but the claim used narrative text only.",1,0,0,T-MSFT-REVENUE-089,,The reliance on management estimates for determining the standalone selling price (SSP) and the timing of satisfaction of performance obligations creates a risk related to the Accuracy and Cut-off assertions for revenue.
C139,MSFT,Microsoft Corp.,bounded_extension,revenue,risk_or_assertion_mapping,text_only_within_hybrid,"Hybrid prompt was available, but the claim used narrative text only.",1,0,0,T-MSFT-REVENUE-102; T-MSFT-REVENUE-105,,"The practice of decoupling the timing of revenue recognition from the timing of invoicing (e.g., recording receivables for multi-year licenses or unearned revenue for subscriptions) creates a risk related to the Occurrence and Cut-off assertions."
C140,MSFT,Microsoft Corp.,bounded_extension,revenue,risk_or_assertion_mapping,text_only_within_hybrid,"Hybrid prompt was available, but the claim used narrative text only.",1,0,0,T-MSFT-REVENUE-105,,Management's judgment that contracts generally do not include a significant financing component creates a risk related to the Accuracy assertion of revenue measurement.
C151,MSFT,Microsoft Corp.,bounded_extension,inventory,factual,xbrl_only_within_hybrid,"Hybrid prompt was available, but the claim used XBRL facts or paths only.",0,1,0,,F-MSFT-0026,"As of 2025-06-30, the net inventory (InventoryNet) was $938,000,000."
C152,MSFT,Microsoft Corp.,bounded_extension,inventory,factual,xbrl_only_within_hybrid,"Hybrid prompt was available, but the claim used XBRL facts or paths only.",0,1,0,,F-MSFT-0027,"As of 2024-06-30, the net inventory (InventoryNet) was $1,246,000,000."
C153,MSFT,Microsoft Corp.,bounded_extension,inventory,risk_or_assertion_mapping,text_only_within_hybrid,"Hybrid prompt was available, but the claim used narrative text only.",1,0,0,T-MSFT-INVENTORY-005; T-MSFT-INVENTORY-006,,The scaling of AI infrastructure may present a risk to the valuation assertion of inventory due to potential technological obsolescence.
C154,MSFT,Microsoft Corp.,bounded_extension,inventory,risk_or_assertion_mapping,xbrl_only_within_hybrid,"Hybrid prompt was available, but the claim used XBRL facts or paths only.",0,1,0,,F-MSFT-0026; F-MSFT-0027,The decrease in the net inventory balance between 2024-06-30 and 2025-06-30 requires assessment to determine if valuation adjustments were made.
C166,CROX,"Crocs, Inc.",bounded_extension,revenue,factual,text_only_within_hybrid,"Hybrid prompt was available, but the claim used narrative text only.",1,0,0,Text Chunk 1,,"Crocs recognizes revenue when control of the product transfers to customers, reported net of promotions, discounts, rebates, and other incentives."
C167,CROX,"Crocs, Inc.",bounded_extension,revenue,risk_or_assertion_mapping,text_only_within_hybrid,"Hybrid prompt was available, but the claim used narrative text only.",1,0,0,Text Chunk 1,,"The estimation of reserves for sales returns and allowances, particularly for direct-to-consumer channels and wholesale exceptions, involves significant judgment."
C168,CROX,"Crocs, Inc.",bounded_extension,revenue,risk_or_assertion_mapping,text_only_within_hybrid,"Hybrid prompt was available, but the claim used narrative text only.",1,0,0,Text Chunk 3,,Revenue recognition for wholesale customers occurs either when the product is shipped/delivered from a facility or when the customer receives the product at a designated delivery point.
C169,CROX,"Crocs, Inc.",bounded_extension,revenue,risk_or_assertion_mapping,text_only_within_hybrid,"Hybrid prompt was available, but the claim used narrative text only.",1,0,0,Text Chunk 1; Text Chunk 3,,Markdown allowances are provided to key wholesalers and distributors at the company's sole discretion to facilitate the sale of slower-moving products.
C170,CROX,"Crocs, Inc.",bounded_extension,revenue,factual,text_only_within_hybrid,"Hybrid prompt was available, but the claim used narrative text only.",1,0,0,Text Chunk 2,,"As of December 31, 2025, the company recorded no deferred revenues associated with advance customer deposits."
C182,CROX,"Crocs, Inc.",bounded_extension,inventory,factual,xbrl_only_within_hybrid,"Hybrid prompt was available, but the claim used XBRL facts or paths only.",0,1,0,,F-CROX-0014,"As of December 31, 2025, Crocs, Inc.'s net inventory was $368,687,000."
C183,CROX,"Crocs, Inc.",bounded_extension,inventory,factual,xbrl_only_within_hybrid,"Hybrid prompt was available, but the claim used XBRL facts or paths only.",0,1,0,,F-CROX-0020,"Crocs, Inc. recorded an inventory write-down of $871,000 for the fiscal year 2025."
C184,CROX,"Crocs, Inc.",bounded_extension,inventory,risk_or_assertion_mapping,text_only_within_hybrid,"Hybrid prompt was available, but the claim used narrative text only.",1,0,0,T-CROX-REVENUE_INVENTORY-019; T-CROX-REVENUE_INVENTORY-022,,The valuation of inventory is subject to significant estimation uncertainty regarding the assessment of the lower of cost or net realizable value (NRV).
C185,CROX,"Crocs, Inc.",bounded_extension,inventory,risk_or_assertion_mapping,text_only_within_hybrid,"Hybrid prompt was available, but the claim used narrative text only.",1,0,0,T-CROX-REVENUE_INVENTORY-022,,Inventory valuation is sensitive to fluctuations in consumer and retailer preferences and general market conditions.
C186,CROX,"Crocs, Inc.",bounded_extension,inventory,risk_or_assertion_mapping,text_only_within_hybrid,"Hybrid prompt was available, but the claim used narrative text only.",1,0,0,T-CROX-REVENUE_INVENTORY-022,,The use of outlet stores and off-price channels to sell discontinued or end-of-life inventory introduces specific valuation considerations for NRV.
